region,solar,wind,hours,years,inter,intra,std,mean
ERCOT,0.0,0.0,1,10,4.238533638393012,0.0,4.238533638393012,174.54253096103588
ERCOT,0.0,0.25,1,10,4.393834873441324,0.0,4.393834873441324,169.44298886957472
ERCOT,0.0,0.5,1,10,5.614973049316353,0.0,5.614973049316353,165.76915017853716
ERCOT,0.25,0.0,1,10,3.631025394205948,0.0,3.631025394205948,158.24414976371375
ERCOT,0.25,0.25,1,10,3.5978537862062945,0.0,3.5978537862062945,142.04101665240933
ERCOT,0.25,0.5,1,10,4.607630187681983,0.0,4.607630187681983,137.90028602102126
ERCOT,0.5,0.0,1,10,3.7197165644588153,0.0,3.7197165644588153,158.01924745891674
ERCOT,0.5,0.25,1,10,3.9175566012991068,0.0,3.9175566012991068,141.18829752311305
ERCOT,0.5,0.5,1,10,5.154056957755953,0.0,5.154056957755953,136.42056966477517
ERCOT,0.0,0.0,2,10,4.166809385258359,0.20496156508547636,4.174801814091017,174.33756939595042
ERCOT,0.0,0.25,2,10,4.405781456093565,0.25822522346711674,4.414602077927925,169.18476364610757
ERCOT,0.0,0.5,2,10,5.593821002120632,0.215194215990252,5.598977653323847,165.55395596254695
ERCOT,0.25,0.0,2,10,3.9522298972283925,0.755528544978652,4.1027780193434795,157.48862121873512
ERCOT,0.25,0.25,2,10,3.8185667031199086,0.7180774841468329,3.946403665422031,141.3229391682625
ERCOT,0.25,0.5,2,10,4.529202850285933,1.2131765577804754,4.790350823192262,136.68710946324077
ERCOT,0.5,0.0,2,10,3.9627660399260507,0.8118569983158264,4.117303434990747,157.20739046060092
ERCOT,0.5,0.25,2,10,4.022763275240673,0.7305633271163658,4.14917533488766,140.45773419599666
ERCOT,0.5,0.5,2,10,5.109624521109359,1.3880405498450765,5.4404404624293825,135.0325291149301
ERCOT,0.0,0.0,3,10,4.179514685510681,0.47245460254410115,4.214900470053448,174.04713975536163
ERCOT,0.0,0.25,3,10,4.387266076274204,0.4799689961429429,4.420360381284387,168.89922096967757
ERCOT,0.0,0.5,3,10,5.577297184396862,0.38558464101276085,5.594571184371003,165.32100973264076
ERCOT,0.25,0.0,3,10,3.952385992545635,1.0511355848421258,4.140863782833044,156.95142611541593
ERCOT,0.25,0.25,3,10,3.864563326288651,1.01064997333901,4.041614177877708,140.7809573146766
ERCOT,0.25,0.5,3,10,4.5853314729111805,1.8347503872424362,5.067543606987218,135.63381541890186
ERCOT,0.5,0.0,3,10,3.9990554227750956,1.0643082574945733,4.190856058559056,156.66547663873672
ERCOT,0.5,0.25,3,10,4.161277909283464,1.3479166371473579,4.4900285784568,139.6305944742674
ERCOT,0.5,0.5,3,10,5.398796180916016,2.418305000524811,6.092490184971492,133.59143922847474
ERCOT,0.0,0.0,4,10,4.203750179419171,0.5876809608135901,4.255174552811241,173.80795255185356
ERCOT,0.0,0.25,4,10,4.426387878103711,0.6499416990295617,4.485235229426761,168.61989686965592
ERCOT,0.0,0.5,4,10,5.590946688663247,0.6006915586451533,5.633697605100367,165.04520759153763
ERCOT,0.25,0.0,4,10,3.9573051005587043,1.2697320828805618,4.199256068113043,156.4776684902106
ERCOT,0.25,0.25,4,10,3.848940869589618,1.3539296540949441,4.112689558658927,140.2292038563433
ERCOT,0.25,0.5,4,10,4.6727558141790615,2.2809207635403914,5.321670129305307,134.74624130960166
ERCOT,0.5,0.0,4,10,4.005266408461159,1.2733444850267057,4.245192828729704,156.19327319637725
ERCOT,0.5,0.25,4,10,4.285455194837592,1.6918535170094469,4.6862226685234525,138.97304325512258
ERCOT,0.5,0.5,4,10,5.612950529875525,2.801087893388771,6.442524732663177,132.54645608882245
ERCOT,0.0,0.0,5,10,4.212463615209806,0.6644051347770509,4.27653404795404,173.60725347542245
ERCOT,0.0,0.25,5,10,4.520840976923707,0.8174448359530674,4.613553618564902,168.34995391151247
ERCOT,0.0,0.5,5,10,5.575986414422319,0.8750485294755053,5.663113211101285,164.7223373481331
ERCOT,0.25,0.0,5,10,3.9708747214508753,1.4785536368721277,4.276913231671808,156.0238850316969
ERCOT,0.25,0.25,5,10,3.9239775591616928,1.5454085837173632,4.2589315979364635,139.75921222532494
ERCOT,0.25,0.5,5,10,4.7474662443929905,2.5298282780663253,5.497486455724699,134.0093137382256
ERCOT,0.5,0.0,5,10,4.018631308214961,1.4893299549784615,4.324934150243758,155.73674098807234
ERCOT,0.5,0.25,5,10,4.440162247850347,1.941907065120192,4.918167117822884,138.3858008714131
ERCOT,0.5,0.5,5,10,5.800886427463051,3.144203389668112,6.768436403225222,131.61689966433843
ERCOT,0.0,0.0,6,10,4.207738371688354,0.753689619022085,4.289541329176149,173.4113791081501
ERCOT,0.0,0.25,6,10,4.6026767251324525,0.9375606949332361,4.723339039512515,168.10123090266
ERCOT,0.0,0.5,6,10,5.566451551805191,0.9626548975504513,5.67340534446669,164.48422104236266
ERCOT,0.25,0.0,6,10,3.98068734967227,1.6520353220598643,4.345318696087926,155.61783526262144
ERCOT,0.25,0.25,6,10,3.9054351821069715,1.8377232026232166,4.359993093821278,139.24409405998196
ERCOT,0.25,0.5,6,10,4.625234701054351,2.909936526752775,5.5542342271714915,133.2681747707538
ERCOT,0.5,0.0,6,10,4.008484468455147,1.6728739903678729,4.382557629170284,155.31810010057862
ERCOT,0.5,0.25,6,10,4.500229662050822,2.2485569915826304,5.083611945605745,137.78945914712878
ERCOT,0.5,0.5,6,10,5.768243244051036,3.6025277860062435,6.9433676344350905,130.6848325089269
ERCOT,0.0,0.0,7,10,4.208321854692216,0.8300363604726014,4.3042967293399546,173.23217513299568
ERCOT,0.0,0.25,7,10,4.643513046284318,1.0601211827736126,4.78798247763532,167.86352423276134
ERCOT,0.0,0.5,7,10,5.54728841871699,1.024408671910005,5.667673002786361,164.28028577195334
ERCOT,0.25,0.0,7,10,4.0093077121777405,1.7839746564362318,4.42509924050356,155.2487870490932
ERCOT,0.25,0.25,7,10,3.8176864948742764,2.089620173311784,4.389186148278886,138.76624904733475
ERCOT,0.25,0.5,7,10,4.427885357333613,3.303416559855536,5.607971864411989,132.5319905081539
ERCOT,0.5,0.0,7,10,4.031635517032864,1.8021623216282607,4.457497546920839,154.94885705234543
ERCOT,0.5,0.25,7,10,4.4676182864667915,2.51532850127238,5.167825118685802,137.2306096092699
ERCOT,0.5,0.5,7,10,5.626198541753846,4.03402117275495,7.0445173653010755,129.8025237639745
ERCOT,0.0,0.0,8,10,4.195363181210463,0.8924445817226918,4.303064055025939,173.06922045137355
ERCOT,0.0,0.25,8,10,4.677738525970239,1.1604995707792463,4.8442310823494825,167.6428516590408
ERCOT,0.0,0.5,8,10,5.522291093853137,1.11474477799619,5.6580201164323904,164.0739773315716
ERCOT,0.25,0.0,8,10,4.023335093281071,1.8811029324813557,4.474228281695723,154.92723302784287
ERCOT,0.25,0.25,8,10,3.7216391678870675,2.286262962311247,4.405846277909579,138.333921877574
ERCOT,0.25,0.5,8,10,4.263518061283081,3.5175565939640365,5.617955999287084,131.91519068154034
ERCOT,0.5,0.0,8,10,4.039767840081513,1.8962311775876428,4.499886622485414,154.62548148388885
ERCOT,0.5,0.25,8,10,4.407778669501621,2.7306226648909147,5.2213997047672915,136.72228657898742
ERCOT,0.5,0.5,8,10,5.529556727475756,4.337492591481252,7.128681227323024,129.02469426291466
ERCOT,0.0,0.0,9,10,4.187598999899069,0.9494287270701346,4.306973596282936,172.9170876834985
ERCOT,0.0,0.25,9,10,4.708629914908525,1.238059882364179,4.894138769762896,167.44419359577245
ERCOT,0.0,0.5,9,10,5.506444983352614,1.1854466297457633,5.65530276075443,163.88561893943682
ERCOT,0.25,0.0,9,10,4.04354036348503,1.9690392754484674,4.527660661241253,154.6299878396528
ERCOT,0.25,0.25,9,10,3.6427019611360043,2.4736434130826344,4.439285946768682,137.92006631472336
ERCOT,0.25,0.5,9,10,4.1170979840859205,3.749826791798678,5.66300114646218,131.3223843214415
ERCOT,0.5,0.0,9,10,4.068115818862114,1.9900610595465413,4.565337864390565,154.31967487559015
ERCOT,0.5,0.25,9,10,4.372210576047954,2.8929308852087683,5.275750839032547,136.26453127933854
ERCOT,0.5,0.5,9,10,5.495570318161936,4.566919206578951,7.234778015014431,128.31833204508666
ERCOT,0.0,0.0,10,10,4.179681774925391,0.9931975442613801,4.309144607062212,172.77929036854894
ERCOT,0.0,0.25,10,10,4.735105887873505,1.3049188453006055,4.938655533993933,167.26005744910387
ERCOT,0.0,0.5,10,10,5.492499376889932,1.243756216958038,5.652481624239062,163.71303440650894
ERCOT,0.25,0.0,10,10,4.051062388502021,2.036475529393961,4.562379000524733,154.3622042383516
ERCOT,0.25,0.25,10,10,3.578941093543446,2.6172270394716515,4.468486412295689,137.5404874485207
ERCOT,0.25,0.5,10,10,4.010714047146841,3.9078751415470894,5.699356489692786,130.79292654729332
ERCOT,0.5,0.0,10,10,4.079556031704317,2.0808663143932087,4.614159009944984,154.03198970885745
ERCOT,0.5,0.25,10,10,4.336556228933971,3.072038825153342,5.342645721516308,135.81610959455762
ERCOT,0.5,0.5,10,10,5.437212024101922,4.758568880557914,7.310026496238947,127.67770983305307
ERCOT,0.0,0.0,11,10,4.174203338580034,1.042001725790664,4.315386966746601,172.6435746396109
ERCOT,0.0,0.25,11,10,4.757966199763276,1.358366174434622,4.975010442231349,167.0906697861978
ERCOT,0.0,0.5,11,10,5.4873060809680085,1.3048791410907636,5.660989884825724,163.54326624324358
ERCOT,0.25,0.0,11,10,4.059417267046527,2.1231069530758373,4.606523787972397,154.09448710928316
ERCOT,0.25,0.25,11,10,3.5309906006245355,2.758938236985541,4.515073613375111,137.17846882383895
ERCOT,0.25,0.5,11,10,3.907624343607205,4.09529531883198,5.774489536319635,130.25885490387543
ERCOT,0.5,0.0,11,10,4.084291316043472,2.1468133508118896,4.647030801178416,153.77525301052054
ERCOT,0.5,0.25,11,10,4.301638540365925,3.2425871416436007,5.408666069339609,135.387492264309
ERCOT,0.5,0.5,11,10,5.378192125691142,4.981092992642012,7.402122657943237,127.04041468567195
ERCOT,0.0,0.0,12,10,4.171159494816234,1.0836118228467326,4.322273708177421,172.51739184567205
ERCOT,0.0,0.25,12,10,4.779672868554707,1.4135269992599193,5.01108347066069,166.92628672644975
ERCOT,0.0,0.5,12,10,5.4741169859782115,1.3683521171412214,5.665097982444814,163.37540130226353
ERCOT,0.25,0.0,12,10,4.059210180605877,2.1828227000447518,4.632527977506105,153.8573025671191
ERCOT,0.25,0.25,12,10,3.5034844333410726,2.883751829752345,4.57103536201456,136.83621186552293
ERCOT,0.25,0.5,12,10,3.830075449828602,4.246044669950731,5.8335304433715995,129.77039194290137
ERCOT,0.5,0.0,12,10,4.085704196860251,2.2081205845756173,4.675973138679175,153.53503342895422
ERCOT,0.5,0.25,12,10,4.285683012743626,3.43164141897093,5.506602714524879,134.96156475258186
ERCOT,0.5,0.5,12,10,5.320663065730443,5.162664643439806,7.473035114535613,126.45787345348442
ERCOT,0.0,0.0,13,10,4.168514442699882,1.1302550994269318,4.330903099896384,172.39273502117328
ERCOT,0.0,0.25,13,10,4.792772375049957,1.4736246818480558,5.040294821220429,166.76479098010907
ERCOT,0.0,0.5,13,10,5.4644835836476275,1.4278720894426615,5.672188555902061,163.21546817922234
ERCOT,0.25,0.0,13,10,4.059087136210377,2.2327854925358355,4.655348339197341,153.63967889675234
ERCOT,0.25,0.25,13,10,3.4782456057761846,3.0177061216121936,4.637073475036463,136.49878458616374
ERCOT,0.25,0.5,13,10,3.755226732839097,4.386769034847063,5.889757057484248,129.30809443793373
ERCOT,0.5,0.0,13,10,4.094146225815607,2.2610969469759623,4.7076594110502175,153.31189136620088
ERCOT,0.5,0.25,13,10,4.277738831416796,3.600292815546506,5.605559143749946,134.5528981960177
ERCOT,0.5,0.5,13,10,5.259614674943602,5.287824941840282,7.512436469571406,125.93673908182244
ERCOT,0.0,0.0,14,10,4.16554025696037,1.1854196964773462,4.341632981628309,172.26685334045786
ERCOT,0.0,0.25,14,10,4.8097960990995885,1.517721312344066,5.068910393963798,166.61879642577262
ERCOT,0.0,0.5,14,10,5.458787783591461,1.4780248293427902,5.68034820991705,163.06666128103927
ERCOT,0.25,0.0,14,10,4.047112581091666,2.2900667919923743,4.669970375491948,153.42746418654804
ERCOT,0.25,0.25,14,10,3.4511433839744097,3.1581546527588733,4.712380491332644,136.16326802657167
ERCOT,0.25,0.5,14,10,3.689929997810157,4.521298825831667,5.948256075927806,128.86775944827716
ERCOT,0.5,0.0,14,10,4.090843877426601,2.32304361085534,4.734665560680931,153.0922529671334
ERCOT,0.5,0.25,14,10,4.273890400388745,3.7395465919784883,5.693038481022222,134.17173439063626
ERCOT,0.5,0.5,14,10,5.179446538930142,5.4209802555084305,7.548431917186312,125.43344416816143
ERCOT,0.0,0.0,15,10,4.168919171809938,1.236172548319893,4.358243096985912,172.14446356197902
ERCOT,0.0,0.25,15,10,4.828561812115866,1.5539342241526892,5.097578439027149,166.48246476097773
ERCOT,0.0,0.5,15,10,5.4597387624223535,1.5305312798907853,5.694606514031732,162.92080698716657
ERCOT,0.25,0.0,15,10,4.038193047660457,2.3422234844828655,4.686410428061912,153.2251212227554
ERCOT,0.25,0.25,15,10,3.4444952188540894,3.2900009190180226,4.798211330579175,135.83991772763355
ERCOT,0.25,0.5,15,10,3.6327831111518805,4.6281022050300376,5.992860797627868,128.46155760244278
ERCOT,0.5,0.0,15,10,4.0853216649118655,2.375493668257957,4.755939074267582,152.88702864743487
ERCOT,0.5,0.25,15,10,4.264499369107551,3.854791415023577,5.7631443886354985,133.81682186999046
ERCOT,0.5,0.5,15,10,5.117719718224803,5.5239394812250575,7.577941839938025,124.97132934728347
ERCOT,0.0,0.0,16,10,4.165984219626973,1.2841896361530247,4.3685317236206656,172.02609519547673
ERCOT,0.0,0.25,16,10,4.8420995652356105,1.589343291290533,5.121111118764903,166.35135968426937
ERCOT,0.0,0.5,16,10,5.471537495508655,1.5890273605314218,5.719492010810026,162.77793750865098
ERCOT,0.25,0.0,16,10,4.031664572615532,2.38492611202558,4.700928791909037,153.03714069199518
ERCOT,0.25,0.25,16,10,3.4319120695307617,3.427342103247865,4.884925437205605,135.51554478649916
ERCOT,0.25,0.5,16,10,3.5841799953858953,4.753599045611359,6.0568240432060705,128.0557468120288
ERCOT,0.5,0.0,16,10,4.081741340456819,2.427230845105293,4.7792620996888555,152.68988907196228
ERCOT,0.5,0.25,16,10,4.253340452047739,3.960013322394966,5.82681526925974,133.47815680529044
ERCOT,0.5,0.5,16,10,5.067256597805255,5.639396718681904,7.625826676024706,124.51699322497937
ERCOT,0.0,0.0,17,10,4.164562515247558,1.328669878354471,4.380127599972262,171.9129876530146
ERCOT,0.0,0.25,17,10,4.853266108216571,1.621538918705597,5.141436105085186,166.22677392745845
ERCOT,0.0,0.5,17,10,5.486254225767712,1.6525009598723217,5.750157525674053,162.63351224978132
ERCOT,0.25,0.0,17,10,4.025925369308355,2.43263014762836,4.720006307307358,152.8517808744864
ERCOT,0.25,0.25,17,10,3.4107779987853997,3.5462148752438876,4.957451049089428,135.20835239575285
ERCOT,0.25,0.5,17,10,3.5422649349698196,4.848870901293774,6.104241875430081,127.68366419862669
ERCOT,0.5,0.0,17,10,4.076471966887512,2.46584875729565,4.795220665635848,152.50883241979324
ERCOT,0.5,0.25,17,10,4.243504257394542,4.06317689742996,5.8908850116038165,133.14921845936433
ERCOT,0.5,0.5,17,10,5.025681976136935,5.734065724863645,7.666688463174717,124.09248436785039
ERCOT,0.0,0.0,18,10,4.165324087621355,1.3695870690993495,4.393201216523793,171.8036932434411
ERCOT,0.0,0.25,18,10,4.865858426618227,1.6538300172065403,5.16357183330294,166.10582237350292
ERCOT,0.0,0.5,18,10,5.497783045163017,1.7142287388522426,5.7784317366298374,162.4913469678101
ERCOT,0.25,0.0,18,10,4.022875207675744,2.475319690904377,4.739674359036991,152.6755697194298
ERCOT,0.25,0.25,18,10,3.373272262678263,3.657440351544709,5.014749245635683,134.91332196703482
ERCOT,0.25,0.5,18,10,3.492545220856655,4.9490402020634034,6.153682841501978,127.31994197231364
ERCOT,0.5,0.0,18,10,4.074874479668112,2.5077866486344256,4.815836942302838,152.33166005475047
ERCOT,0.5,0.25,18,10,4.218762913728429,4.166098643974113,5.946577096815683,132.82897101463212
ERCOT,0.5,0.5,18,10,4.971433986329074,5.830571657484586,7.702815653140769,123.68118134836814
ERCOT,0.0,0.0,19,10,4.168841845383516,1.4134248109450072,4.410276374923817,171.69468699915222
ERCOT,0.0,0.25,19,10,4.878836087111001,1.6826883091194424,5.18530211361803,165.99086347315918
ERCOT,0.0,0.5,19,10,5.503731659731178,1.7681325522636866,5.799843961203501,162.35550143227317
ERCOT,0.25,0.0,19,10,4.012312459400979,2.527717781199754,4.758276190848297,152.4968963517397
ERCOT,0.25,0.25,19,10,3.339113648849395,3.760280973294884,5.0692547844919735,134.62957193105993
ERCOT,0.25,0.5,19,10,3.442633611946312,5.041765326168039,6.199900054895405,126.9720706229778
ERCOT,0.5,0.0,19,10,4.066774339704858,2.5552337337748514,4.834175168706274,152.1553915394184
ERCOT,0.5,0.25,19,10,4.203123671710912,4.270598247014042,6.010259292979789,132.51395323353313
ERCOT,0.5,0.5,19,10,4.916110244602588,5.912496578755063,7.728600303620628,123.29528584278866
ERCOT,0.0,0.0,20,10,4.173139058070439,1.450138985276841,4.426246876523828,171.5921809227103
ERCOT,0.0,0.25,20,10,4.890586013366215,1.717362205170321,5.207562417922527,165.87505069439698
ERCOT,0.0,0.5,20,10,5.512245708505143,1.814353521321364,5.822013176559515,162.22698210585165
ERCOT,0.25,0.0,20,10,4.004112796733038,2.578695552713734,4.779399793025376,152.3236245900883
ERCOT,0.25,0.25,20,10,3.3052691304448616,3.860125004928234,5.122550466689411,134.35368058906369
ERCOT,0.25,0.5,20,10,3.401757606355334,5.147997058738141,6.26144426518807,126.62496488949996
ERCOT,0.5,0.0,20,10,4.061889818809973,2.6008742925794825,4.8548792425076694,151.98477512057323
ERCOT,0.5,0.25,20,10,4.175431326247573,4.363467804530131,6.058388947787746,132.21484107831105
ERCOT,0.5,0.5,20,10,4.856811209380045,5.9898185489811775,7.750499375628356,122.92530296591583
ERCOT,0.0,0.0,25,10,4.19357589819824,1.6111645081375914,4.500768272840153,171.11983975752887
ERCOT,0.0,0.25,25,10,4.974417103131548,1.8972059896624087,5.34570985009114,165.3287081525182
ERCOT,0.0,0.5,25,10,5.543625292832809,2.0344243954153214,5.923750981578611,161.62444923336733
ERCOT,0.25,0.0,25,10,3.9400541627079066,2.8129284800139076,4.855936785063814,151.52935591829058
ERCOT,0.25,0.25,25,10,3.174038654846002,4.227156493948751,5.327917869289753,133.14404956055932
ERCOT,0.25,0.5,25,10,3.274105529920605,5.5285603828917065,6.505190987475625,125.11122844569435
ERCOT,0.5,0.0,25,10,4.001510913130512,2.8615401223716592,4.946512551920914,151.16492879392814
ERCOT,0.5,0.25,25,10,4.069475157737596,4.7184032909702225,6.251461937237093,130.89876649432767
ERCOT,0.5,0.5,25,10,4.656852339576773,6.303520799773646,7.8803944351990705,121.2853452837108
ERCOT,0.0,0.0,50,10,4.276099351870301,2.2740234529224423,4.857453726385471,169.2435053168014
ERCOT,0.0,0.25,50,10,5.121515109625097,2.66175361190698,5.787283315639396,163.1628174831399
ERCOT,0.0,0.5,50,10,5.6038427242813516,2.8815477729221763,6.320744619405587,159.25520005201633
ERCOT,0.25,0.0,50,10,3.7305881124319678,3.6730176934006225,5.259604121051428,148.5646209088326
ERCOT,0.25,0.25,50,10,2.9131497310573686,5.275991482591611,6.06971489480448,128.92283782079204
ERCOT,0.25,0.5,50,10,2.848082034799711,6.450118910933571,7.114436576751395,120.13291034476575
ERCOT,0.5,0.0,50,10,3.804626964925385,3.844236924718284,5.44288082914913,148.03722994263273
ERCOT,0.5,0.25,50,10,3.7565992197046794,5.9428607897162085,7.065860958847731,126.15696031345223
ERCOT,0.5,0.5,50,10,4.186963804736892,7.5353558403430245,8.691118586067347,115.44946167294239
ERCOT,0.0,0.0,75,10,4.273954485175553,2.7591063252654453,5.095376832923862,167.82908569334188
ERCOT,0.0,0.25,75,10,5.073820619803102,3.213632608639082,6.02308512342394,161.5200590693366
ERCOT,0.0,0.5,75,10,5.494305548250898,3.6015290530099207,6.594267544349473,157.37699067977294
ERCOT,0.25,0.0,75,10,3.6663852951142237,4.311235838413289,5.681726209015785,146.40804059803904
ERCOT,0.25,0.25,75,10,2.787570016150609,5.839936804989981,6.504523244888018,126.17427089810019
ERCOT,0.25,0.5,75,10,2.6489514083729477,7.0315258492668455,7.56333501382995,116.88062808406843
ERCOT,0.5,0.0,75,10,3.775264579692554,4.531280321804145,5.928003546561589,145.76436261208318
ERCOT,0.5,0.25,75,10,3.6007024853427563,6.6278268206311415,7.577035892402541,122.99744628432614
ERCOT,0.5,0.5,75,10,3.969050081947783,8.236830902052636,9.220991349537854,111.62781196475994
ERCOT,0.0,0.0,100,10,4.217076031865854,3.183221524659488,5.289682147815416,166.63092368683613
ERCOT,0.0,0.25,100,10,4.964268450362122,3.685213032854183,6.202390353772904,160.14614509314958
ERCOT,0.0,0.5,100,10,5.299075236218855,4.246520346689954,6.829187570264063,155.73589322196307
ERCOT,0.25,0.0,100,10,3.6241549881989936,4.847374324347554,6.072625323791153,144.6379380385293
ERCOT,0.25,0.25,100,10,2.730366571989824,6.268015372258056,6.868552344625721,124.05044516866627
ERCOT,0.25,0.5,100,10,2.5955065989098305,7.439709115510709,7.925378405736939,114.4310458990673
ERCOT,0.5,0.0,100,10,3.759172610656388,5.124572681890508,6.383317175499418,143.87938973663975
ERCOT,0.5,0.25,100,10,3.593407197040637,7.15621481219771,8.04027407460088,120.54902105635612
ERCOT,0.5,0.5,100,10,3.839691894109233,8.785735644369467,9.668665132835267,108.68429124324447
ERCOT,0.0,0.0,200,10,4.047596207574564,4.40276986830928,6.000886732539419,163.02173149574685
ERCOT,0.0,0.25,200,10,4.5286538714814295,5.43161956366312,7.121449921399161,155.61153565634595
ERCOT,0.0,0.5,200,10,4.792439519445941,6.256490304666018,7.94134966402534,150.5076401183276
ERCOT,0.25,0.0,200,10,3.5511550523112563,6.188827061019767,7.165173777027009,139.66742704707917
ERCOT,0.25,0.25,200,10,2.8193769674311255,7.4582735265310465,8.001395928294125,118.26474731387115
ERCOT,0.25,0.5,200,10,2.565608627435891,8.59689534395375,9.00969034124828,107.86196883239481
ERCOT,0.5,0.0,200,10,3.692802478728445,6.748740483190938,7.71833672307732,138.40404256452067
ERCOT,0.5,0.25,200,10,3.507322553420706,8.59723399795818,9.325576297949036,113.84000121448298
ERCOT,0.5,0.5,200,10,3.582718431407503,9.976826537923083,10.662812697043861,101.0729946620398
PJM,0.0,0.0,1,10,9.216955186940963,0.0,9.216955186940963,169.1750142568925
PJM,0.0,0.25,1,10,9.636123808335723,0.0,9.636123808335723,162.08919041047915
PJM,0.0,0.5,1,10,10.052443398145016,0.0,10.052443398145016,159.88250580215862
PJM,0.25,0.0,1,10,8.609679353040157,0.0,8.609679353040157,159.8767550157459
PJM,0.25,0.25,1,10,6.8783161473727805,0.0,6.8783161473727805,148.75107979299182
PJM,0.25,0.5,1,10,7.505891270894427,0.0,7.505891270894427,144.5735800964657
PJM,0.5,0.0,1,10,8.675868230880432,0.0,8.675868230880432,159.7831934888226
PJM,0.5,0.25,1,10,7.1425736619229685,0.0,7.1425736619229685,148.44586520310804
PJM,0.5,0.5,1,10,7.669747830833683,0.0,7.669747830833683,144.13403293688853
PJM,0.0,0.0,2,10,9.206986386833343,0.19754123460270723,9.20990840622477,168.97747302228976
PJM,0.0,0.25,2,10,9.673799621958471,0.2311842555073218,9.67790785415978,161.8580061549718
PJM,0.0,0.5,2,10,10.03009026337836,0.20479437591250593,10.03377155034525,159.67771142624613
PJM,0.25,0.0,2,10,8.396533343375856,1.1718991960867764,8.521012242095665,158.70485581965912
PJM,0.25,0.25,2,10,7.073056742137466,1.262738642970549,7.231456312383236,147.48834115002126
PJM,0.25,0.5,2,10,7.684933573545805,1.029894690757085,7.779478677587061,143.5436854057086
PJM,0.5,0.0,2,10,8.423192356868801,1.2238169913169994,8.55619016281435,158.55937649750564
PJM,0.5,0.25,2,10,7.044055154613036,1.386584375181169,7.224763828782995,147.05928082792684
PJM,0.5,0.5,2,10,7.624675277818356,1.1468950704724667,7.760289289738839,142.98713786641605
PJM,0.0,0.0,3,10,9.19151947608289,0.38856789617735144,9.200732351081909,168.73948344216706
PJM,0.0,0.25,3,10,9.722714170360215,0.4094896260758591,9.731959291819688,161.61636303064418
PJM,0.0,0.5,3,10,10.024364123539012,0.49210506676248594,10.038832554417493,159.37028305959103
PJM,0.25,0.0,3,10,8.066063026737204,1.8922008166180213,8.354288602918325,157.62957005593486
PJM,0.25,0.25,3,10,6.980751802984046,1.8903700554065717,7.248338734425743,146.4647091485284
PJM,0.25,0.5,3,10,7.390403159800019,1.8051473339846507,7.648331419773897,142.47315740835722
PJM,0.5,0.0,3,10,8.072418699282581,1.9643879603229855,8.374179668352586,157.4440543565941
PJM,0.5,0.25,3,10,6.946760592083525,1.8109784889321319,7.207856477409519,146.1183521218189
PJM,0.5,0.5,3,10,7.424247255623732,2.003087688851315,7.770851180735184,141.79812720744923
PJM,0.0,0.0,4,10,9.113758964537466,0.5761920812937369,9.134178528348535,168.4765040613006
PJM,0.0,0.25,4,10,9.76846209379031,0.701852666016429,9.797410377894526,161.27336628259462
PJM,0.0,0.5,4,10,9.98025095264024,0.7214107983316664,10.011473948421532,159.0446301800308
PJM,0.25,0.0,4,10,7.828418448938261,2.1679610508911638,8.206623319310111,156.83870229019206
PJM,0.25,0.25,4,10,6.816860368527699,2.103015498042356,7.153431492767481,145.72542218705598
PJM,0.25,0.5,4,10,7.317779430451762,2.0957483055348662,7.660792365340442,141.69951847452293
PJM,0.5,0.0,4,10,7.667030804367572,2.2932853739219987,8.104685665935676,156.58237241266008
PJM,0.5,0.25,4,10,6.727123750939929,2.10270808481501,7.0865477315381575,145.3383487298234
PJM,0.5,0.5,4,10,7.10017394245928,2.51636417086799,7.639400017406257,140.77995914464503
PJM,0.0,0.0,5,10,9.08509799061709,0.7295009905732527,9.116968347464717,168.225780933095
PJM,0.0,0.25,5,10,9.846650486936204,0.9000664040413571,9.894866839454595,160.95841177119115
PJM,0.0,0.5,5,10,9.988353820779581,1.0589714072640855,10.059321556277354,158.63579766196108
PJM,0.25,0.0,5,10,7.60098605210236,2.4068525345411573,8.053234454032074,156.15384998985857
PJM,0.25,0.25,5,10,6.68610831270536,2.2600421504542405,7.082677431264004,145.10616193138625
PJM,0.25,0.5,5,10,7.195219158703295,2.5884599015509187,7.713947251853735,140.83741511277336
PJM,0.5,0.0,5,10,7.442285705921606,2.4666869248005603,7.940608281056156,155.9167957316622
PJM,0.5,0.25,5,10,6.572599714093539,2.342059542969607,7.021732295536068,144.64873513769354
PJM,0.5,0.5,5,10,6.919289300859195,3.0983117341913724,7.671835349589289,139.76789930307777
PJM,0.0,0.0,6,10,9.037713473711639,0.8685627179268992,9.083907721533615,167.98196212527174
PJM,0.0,0.25,6,10,9.911920018965644,1.1519998731864947,9.993594710214772,160.60704029659652
PJM,0.0,0.5,6,10,9.980497035132501,1.2903242456693003,10.085631425477505,158.2583975989865
PJM,0.25,0.0,6,10,7.449831267829832,2.5216061121088105,7.939347964721209,155.62042983514948
PJM,0.25,0.25,6,10,6.65799314471953,2.4874193401676057,7.124444860888746,144.5136580349487
PJM,0.25,0.5,6,10,7.06660515870641,2.9760016500601876,7.736575694665788,140.0630294744674
PJM,0.5,0.0,6,10,7.282074182105233,2.5692945472980333,7.814155180564833,155.38478453780124
PJM,0.5,0.25,6,10,6.534073559921436,2.803022811344245,7.1359391811563535,143.8755067213522
PJM,0.5,0.5,6,10,6.718855073873729,3.6297800968255167,7.714787666698906,138.78590140845193
PJM,0.0,0.0,7,10,8.937804622065764,1.0047069991501043,9.00748175417576,167.74740753809726
PJM,0.0,0.25,7,10,9.95069888183631,1.2793748111529626,10.051355716272191,160.3219150805727
PJM,0.0,0.5,7,10,10.021869444590923,1.5428489356642223,10.1758890895808,157.87760273440864
PJM,0.25,0.0,7,10,7.35974524146934,2.614430143770399,7.880592409309911,155.14834932412938
PJM,0.25,0.25,7,10,6.701347646611051,2.693711986694631,7.239040372833119,143.9576115178794
PJM,0.25,0.5,7,10,7.035590178284247,3.3235685852686596,7.838985367505984,139.32600104007363
PJM,0.5,0.0,7,10,7.1574393629576365,2.6687983511679065,7.736466809187334,154.897754444223
PJM,0.5,0.25,7,10,6.481880517048124,3.1517074812223935,7.22247973846893,143.1687029839678
PJM,0.5,0.5,7,10,6.495464527052606,4.119320562449145,7.7622368945774785,137.85049587019742
PJM,0.0,0.0,8,10,8.85004959115258,1.1053227578740252,8.939215196570133,167.5312763935355
PJM,0.0,0.25,8,10,9.954944924480564,1.4005329858792794,10.072341037346451,160.0519666359076
PJM,0.0,0.5,8,10,10.02783458152838,1.6917728199805977,10.21380225534181,157.54888776696433
PJM,0.25,0.0,8,10,7.234926051972999,2.7782425639998487,7.8275144258250355,154.65766929394348
PJM,0.25,0.25,8,10,6.745248759561042,2.93685077424513,7.368907708616688,143.39807759782087
PJM,0.25,0.5,8,10,6.952029911767912,3.7555001983770304,7.950479093938613,138.55020965886308
PJM,0.5,0.0,8,10,7.035146878204227,2.8153387202088274,7.678337802969347,154.41426441889473
PJM,0.5,0.25,8,10,6.314141441716554,3.4383544630634604,7.212192192685232,142.51703595425715
PJM,0.5,0.5,8,10,6.344711402755551,4.41313076951653,7.79699817238513,137.05730233446874
PJM,0.0,0.0,9,10,8.781853723648664,1.212032354668773,8.8907251825204,167.31755061428964
PJM,0.0,0.25,9,10,9.941942242373516,1.5126004015412762,10.075093118763201,159.79771472799993
PJM,0.0,0.5,9,10,10.018965888020164,1.8121483082328056,10.23091587966674,157.25109625929034
PJM,0.25,0.0,9,10,7.119677954861355,2.901642725803278,7.7707003008502324,154.22174792836478
PJM,0.25,0.25,9,10,6.692230101079899,3.18173623127177,7.4256543124868335,142.85079989348677
PJM,0.25,0.5,9,10,6.816110011776691,4.110353929226506,8.004751217328266,137.83145329896257
PJM,0.5,0.0,9,10,6.92597085671065,2.9439839456646433,7.631393158411065,153.96755768783572
PJM,0.5,0.25,9,10,6.1444999348785885,3.7286573319205916,7.226376298159927,141.87754236491622
PJM,0.5,0.5,9,10,6.043061284834953,4.7329692538834784,7.777246018561278,136.28077174042352
PJM,0.0,0.0,10,10,8.726527657289207,1.3409847854105765,8.857687692385277,167.09741956204007
PJM,0.0,0.25,10,10,9.947989737876807,1.6527926046470371,10.101531845903654,159.53353430113995
PJM,0.0,0.5,10,10,9.994289664096126,1.988570004000545,10.24202742990942,156.9329138074954
PJM,0.25,0.0,10,10,7.00377875268437,2.988518166606249,7.7040795359493055,153.83748498753005
PJM,0.25,0.25,10,10,6.639647750025049,3.3988361566705185,7.478967522958707,142.3346824202412
PJM,0.25,0.5,10,10,6.698718953187307,4.350255819869038,8.032768756300712,137.20157386316657
PJM,0.5,0.0,10,10,6.830069918429802,3.0569096572526666,7.592334676763462,153.55538689338306
PJM,0.5,0.25,10,10,6.013815656033919,3.973921058728866,7.258808968447035,141.28247537192578
PJM,0.5,0.5,10,10,5.830357867203024,4.933218254763821,7.755630721563668,135.60710621555552
PJM,0.0,0.0,11,10,8.6621045761848,1.4653819330829714,8.817543384980361,166.8762794111841
PJM,0.0,0.25,11,10,9.954383456429179,1.794526116066631,10.132032605399624,159.26599789748272
PJM,0.0,0.5,11,10,9.962167771270794,2.146387376725122,10.242959750601246,156.62712180597367
PJM,0.25,0.0,11,10,6.921805422941397,3.0678472853163443,7.663985322483136,153.47963163354243
PJM,0.25,0.25,11,10,6.526492695465011,3.667297713029552,7.5082413411851014,141.8098035603925
PJM,0.25,0.5,11,10,6.546471674686128,4.587894828947722,8.04743237166166,136.59324892755848
PJM,0.5,0.0,11,10,6.743960966567307,3.1461200303648256,7.552492142220362,153.18297014309815
PJM,0.5,0.25,11,10,5.866097529453013,4.174790880721117,7.266404841539968,140.7336588499569
PJM,0.5,0.5,11,10,5.655308145727843,5.11438471404684,7.756409430232557,134.97583221605552
PJM,0.0,0.0,12,10,8.622581998648203,1.6051934596872066,8.805612899139376,166.6460716079566
PJM,0.0,0.25,12,10,9.962466275176334,1.8870778981831635,10.157009281562178,159.03238538035814
PJM,0.0,0.5,12,10,9.935449673776093,2.2961963807079195,10.24937163178099,156.3321889311996
PJM,0.25,0.0,12,10,6.856576069673172,3.134850589161068,7.631419394533186,153.1521679840222
PJM,0.25,0.25,12,10,6.41880992140931,3.8791837738007358,7.527507504045208,141.32176607839784
PJM,0.25,0.5,12,10,6.406701282794415,4.790769630391923,8.0644071504923,136.0260110099561
PJM,0.5,0.0,12,10,6.6582522177313574,3.2436560921748554,7.521312348217803,152.82392196433585
PJM,0.5,0.25,12,10,5.733904224770141,4.340535247340971,7.2722517199221866,140.226118133212
PJM,0.5,0.5,12,10,5.465278804630317,5.304720050531288,7.769193213734018,134.36744883727835
PJM,0.0,0.0,13,10,8.594985275098873,1.7457274850748237,8.806773983650677,166.41519115252154
PJM,0.0,0.25,13,10,9.965751102742217,1.9726146031993026,10.176249929283502,158.81023551045934
PJM,0.0,0.5,13,10,9.890773129719442,2.4393010750374637,10.240809088030208,156.04250009742512
PJM,0.25,0.0,13,10,6.794825015124953,3.207262641561521,7.604820965889325,152.83768043430948
PJM,0.25,0.25,13,10,6.3040760057322665,4.066286594898421,7.540397420225249,140.8589859386128
PJM,0.25,0.5,13,10,6.238522735961674,4.96323390104708,8.0529202916546,135.4971698089645
PJM,0.5,0.0,13,10,6.592634355861089,3.3244514713562157,7.498789873662541,152.49241537455842
PJM,0.5,0.25,13,10,5.597962249628244,4.4928938553755575,7.276734987723484,139.74818251533347
PJM,0.5,0.5,13,10,5.331950727438023,5.4796057544868235,7.810370286409679,133.79242405972448
PJM,0.0,0.0,14,10,8.569501268006032,1.8647347021475056,8.807842632199794,166.19557701060256
PJM,0.0,0.25,14,10,9.965723506574385,2.031723822237601,10.187505390877376,158.6127675996978
PJM,0.0,0.5,14,10,9.849640729558654,2.5522714880613915,10.230960780238131,155.77317061569687
PJM,0.25,0.0,14,10,6.738453591877715,3.2744355648289813,7.582327616466748,152.54142796480437
PJM,0.25,0.25,14,10,6.180367842187994,4.215038798968639,7.533639354396381,140.43549995085124
PJM,0.25,0.5,14,10,6.114955199139676,5.1115059010865815,8.061657131064505,135.00067230356586
PJM,0.5,0.0,14,10,6.532364871392835,3.3989811344374137,7.478487592889536,152.18020734556634
PJM,0.5,0.25,14,10,5.492578589614911,4.614554870099977,7.2847740580719496,139.3075911783617
PJM,0.5,0.5,14,10,5.228898760623052,5.65506614142441,7.872911128166448,133.23849698022124
PJM,0.0,0.0,15,10,8.539791194073665,1.9606313873622856,8.802087741744794,165.99075096749493
PJM,0.0,0.25,15,10,9.968699545432699,2.0864723734229393,10.201470545620376,158.4244929399297
PJM,0.0,0.5,15,10,9.806361928353361,2.675525897841648,10.223895163403013,155.50249452462234
PJM,0.25,0.0,15,10,6.689686854125624,3.330947214086597,7.562376376508645,152.26513165275264
PJM,0.25,0.25,15,10,6.075434676007017,4.341157745557164,7.531095222156463,140.0368674614343
PJM,0.25,0.5,15,10,6.008950914651207,5.256412885843109,8.085641499189112,134.52352717660162
PJM,0.5,0.0,15,10,6.452155048555889,3.4925075545399378,7.456988957581633,151.86518233306447
PJM,0.5,0.25,15,10,5.370887744653307,4.756402298635786,7.306636222060374,138.87349404768264
PJM,0.5,0.5,15,10,5.137000118658249,5.806752638149517,7.929390584388305,132.717461429573
PJM,0.0,0.0,16,10,8.5141891967132,2.0577176964428605,8.801236190883694,165.78776779341976
PJM,0.0,0.25,16,10,9.954067453539022,2.151217292574661,10.201032507038581,158.23574492139676
PJM,0.0,0.5,16,10,9.773000783598707,2.7689834561206457,10.219622901660768,155.25387975584079
PJM,0.25,0.0,16,10,6.64114013548663,3.38456599350674,7.543588691817893,152.0028250907404
PJM,0.25,0.25,16,10,5.970243786675463,4.450555847350344,7.522796673871664,139.66225198602768
PJM,0.25,0.5,16,10,5.882317243917661,5.428962475845254,8.124376555258777,134.04192297182232
PJM,0.5,0.0,16,10,6.382005712498332,3.570255599363699,7.43639025596541,151.57309799590283
PJM,0.5,0.25,16,10,5.237189567670285,4.902767277110125,7.33536688491216,138.44662518405727
PJM,0.5,0.5,16,10,5.050910656989492,5.93054161408255,7.974575928724646,132.23421937531867
PJM,0.0,0.0,17,10,8.483796333940347,2.1438293542151103,8.795295804642373,165.59318806602533
PJM,0.0,0.25,17,10,9.942287188571115,2.213180310641739,10.203033095074506,158.05372516256733
PJM,0.0,0.5,17,10,9.744429215275506,2.854053958879259,10.218025675424357,155.0162139185698
PJM,0.25,0.0,17,10,6.592003566852977,3.4378640969939167,7.52527219506537,151.74935709284955
PJM,0.25,0.25,17,10,5.885573525533723,4.556535395409981,7.529872453935892,139.30219045486984
PJM,0.25,0.5,17,10,5.782186597614507,5.5913508186371494,8.173275199586367,133.57823086059128
PJM,0.5,0.0,17,10,6.297184673675791,3.6535162884682837,7.410836333725992,151.28642520902395
PJM,0.5,0.25,17,10,5.129077974641491,5.026821741492682,7.364300303322226,138.04382296901093
PJM,0.5,0.5,17,10,4.95295876058281,6.044982272953632,8.009425543349307,131.7724321891611
PJM,0.0,0.0,18,10,8.458411398490318,2.2173280099378236,8.791170496931372,165.4098420611911
PJM,0.0,0.25,18,10,9.928787965963334,2.2790619763187583,10.205083063890687,157.87295929575896
PJM,0.0,0.5,18,10,9.716086675475553,2.9395990577467224,10.216064143975347,154.78330220194374
PJM,0.25,0.0,18,10,6.548460444919116,3.4926473328537626,7.512235755174046,151.5041379274777
PJM,0.25,0.25,18,10,5.808065785353481,4.6539034671553665,7.538467543582563,138.95856276233405
PJM,0.25,0.5,18,10,5.694561374785089,5.721531105042325,8.209968879172404,133.1470420232891
PJM,0.5,0.0,18,10,6.2123168102008055,3.739170363865167,7.3908645417954695,151.00537617191657
PJM,0.5,0.25,18,10,5.028996506690872,5.129833889855851,7.384451898011954,137.66757709180933
PJM,0.5,0.5,18,10,4.8463675158043396,6.159952935601457,8.04652311460814,131.32533253492656
PJM,0.0,0.0,19,10,8.436343758951248,2.278971675602535,8.78683166675733,165.23806930170556
PJM,0.0,0.25,19,10,9.913923923491009,2.3307696929668706,10.202733801177926,157.70614024286016
PJM,0.0,0.5,19,10,9.683632407041337,3.0136872978312645,10.207307559122526,154.56316918462724
PJM,0.25,0.0,19,10,6.482826547904745,3.559716791799127,7.491514031946234,151.2571727983955
PJM,0.25,0.25,19,10,5.709959969263004,4.764582650036238,7.549922004886185,138.6154072700667
PJM,0.25,0.5,19,10,5.616341432553651,5.837379529205217,8.244827393489413,132.73763263477548
PJM,0.5,0.0,19,10,6.135753648473528,3.8106425184964765,7.369064996028782,150.74151833567888
PJM,0.5,0.25,19,10,4.948572714281193,5.211395162552952,7.400858492294674,137.3178444632555
PJM,0.5,0.5,19,10,4.7600510080663465,6.269897026632079,8.089707338632918,130.89517410455295
PJM,0.0,0.0,20,10,8.412747025980261,2.3372208799489256,8.77990673684753,165.07226900471971
PJM,0.0,0.25,20,10,9.899727684045438,2.387477940008706,10.20249544859577,157.53914747599495
PJM,0.0,0.5,20,10,9.650272650879629,3.0839191405755852,10.195892073775099,154.35135135201716
PJM,0.25,0.0,20,10,6.421834364949299,3.620394929756869,7.471957774246706,151.021863205577
PJM,0.25,0.25,20,10,5.609480435840844,4.870420921929837,7.563252094421877,138.2849870058563
PJM,0.25,0.5,20,10,5.539484083737332,5.933765123375845,8.268693729183525,132.35318412695085
PJM,0.5,0.0,20,10,6.054520309011183,3.8835971742053568,7.348442071016548,150.4863271318368
PJM,0.5,0.25,20,10,4.8873431682096875,5.283704664179768,7.420451689913859,136.98580707183817
PJM,0.5,0.5,20,10,4.683652181093988,6.370453561154163,8.13178126692532,130.4837766226683
PJM,0.0,0.0,25,10,8.254722270399359,2.6441074343733995,8.729513108270798,164.2687243495606
PJM,0.0,0.25,25,10,9.782460074780833,2.678779002246828,10.162913754552902,156.74710300180544
PJM,0.0,0.5,25,10,9.546195960247978,3.4016910561449722,10.1994067817586,153.37875618628254
PJM,0.25,0.0,25,10,6.103632871800611,3.9375729517412896,7.395630522313046,149.92306783328127
PJM,0.25,0.25,25,10,5.253313925579206,5.254113353634895,7.629486068180912,136.82983294946936
PJM,0.25,0.5,25,10,5.176367056399296,6.345690814169799,8.386256805968907,130.62818920826663
PJM,0.5,0.0,25,10,5.778025429452118,4.098157839120729,7.260201068345068,149.40972390332678
PJM,0.5,0.25,25,10,4.7043105855480585,5.5712939406238045,7.530867007712406,135.5192712344812
PJM,0.5,0.5,25,10,4.35584587925936,6.745392855737407,8.3000611306947,128.687053056438
PJM,0.0,0.0,50,10,7.683607093390574,3.547518980624379,8.54436586057283,161.40998542294946
PJM,0.0,0.25,50,10,8.71493837086829,4.170442704230644,9.808765237787835,153.33149549359385
PJM,0.0,0.5,50,10,8.510250561576324,4.955064924547768,10.012712645833444,149.40287867573042
PJM,0.25,0.0,50,10,5.21515066264954,4.804244301106538,7.295035838405734,146.16213375263405
PJM,0.25,0.25,50,10,4.606077855224572,6.082842752051897,7.848648822874626,132.14121479037337
PJM,0.25,0.5,50,10,4.312299192126765,7.238152485285341,8.659850563160946,125.10565492140684
PJM,0.5,0.0,50,10,4.997204599018657,4.956353553539596,7.25623180086586,145.55138184747713
PJM,0.5,0.25,50,10,4.183559178224975,6.368946609653167,7.837565223935962,130.6729421735735
PJM,0.5,0.5,50,10,3.706317084940758,7.6477734413371605,8.717247086032508,122.89765348403259
PJM,0.0,0.0,75,10,7.11769558589537,4.20576973552086,8.398807457013012,159.30785582230607
PJM,0.0,0.25,75,10,7.759260382327055,5.211411853196413,9.634980782245986,150.59503971288547
PJM,0.0,0.5,75,10,7.598441307868412,5.8938339557635135,9.946276181299089,146.43469601327624
PJM,0.25,0.0,75,10,4.8861049548096895,5.385184460813375,7.45636564390488,143.59327107487832
PJM,0.25,0.25,75,10,4.2287681337756196,6.553636882837735,7.989019390156843,129.1673870812015
PJM,0.25,0.5,75,10,3.9369901560096503,7.702592684303651,8.839170383275553,121.6576108582483
PJM,0.5,0.0,75,10,4.761483748079344,5.5306013697035485,7.47603312607045,142.92801482377817
PJM,0.5,0.25,75,10,3.9318823499120845,6.8260723595033355,8.057112843987351,127.59907414365388
PJM,0.5,0.5,75,10,3.523704913374448,8.119325460272226,9.007472241042127,119.28310444080161
PJM,0.0,0.0,100,10,6.649719463669499,4.694081231285872,8.315285456113317,157.61755205438308
PJM,0.0,0.25,100,10,7.156072154689913,5.801655140517298,9.542077177499065,148.50684444249296
PJM,0.0,0.5,100,10,7.092233814396454,6.427855420362369,9.955487683762748,144.1970264005128
PJM,0.25,0.0,100,10,4.691970894983025,5.781995162183819,7.6044301355439465,141.64130431540434
PJM,0.25,0.25,100,10,4.036018396926185,6.935878396294598,8.179091371810884,126.89275729019363
PJM,0.25,0.5,100,10,3.755482143147916,8.072977801568848,9.053854523643967,119.06174640041426
PJM,0.5,0.0,100,10,4.606429975151166,5.948499385692717,7.675106706556201,140.91151051636135
PJM,0.5,0.25,100,10,3.803477342843508,7.231945647206269,8.318096614336707,125.22200985837443
PJM,0.5,0.5,100,10,3.4157460662595818,8.518975356507582,9.302038319755274,116.53824005651252
PJM,0.0,0.0,200,10,5.605852432227473,5.947220960892942,8.38542277424371,152.86812343296984
PJM,0.0,0.25,200,10,6.213133583763134,6.920048561350548,9.583682132461531,143.1140344264619
PJM,0.0,0.5,200,10,6.3195105029093455,7.842767784022345,10.380173348543416,138.06443368599918
PJM,0.25,0.0,200,10,4.256554301846469,6.787162480401738,8.123583622997993,136.40267192749312
PJM,0.25,0.25,200,10,3.810145978972606,8.106784992154461,9.053771744011488,120.6766353296413
PJM,0.25,0.5,200,10,3.5634893488614026,9.334123476739528,10.077326190565847,111.9476534488264
PJM,0.5,0.0,200,10,4.249322297034422,6.952882377594586,8.272112825686436,135.54829690185645
PJM,0.5,0.25,200,10,3.7072297811991244,8.396922135231923,9.260966042689692,118.7934320335218
PJM,0.5,0.5,200,10,3.5175942249853334,9.725242361501456,10.412913256675814,109.16539298771129
NYISO,0.0,0.0,1,10,7.439095541013649,0.0,7.439095541013649,173.88225940727745
NYISO,0.0,0.25,1,10,8.789811422199652,0.0,8.789811422199652,165.65944289625463
NYISO,0.0,0.5,1,10,9.150248881027668,0.0,9.150248881027668,162.27867841347543
NYISO,0.25,0.0,1,10,6.974642783358356,0.0,6.974642783358356,160.27476383075015
NYISO,0.25,0.25,1,10,8.948180454162207,0.0,8.948180454162207,148.8339673700225
NYISO,0.25,0.5,1,10,9.191942387445557,0.0,9.191942387445557,144.29366657999614
NYISO,0.5,0.0,1,10,7.039946663607015,0.0,7.039946663607015,160.1382249662909
NYISO,0.5,0.25,1,10,9.050112797129183,0.0,9.050112797129183,148.4929179186993
NYISO,0.5,0.5,1,10,9.330563793441856,0.0,9.330563793441856,143.90747274059825
NYISO,0.0,0.0,2,10,7.433826048390473,0.09849966445345526,7.434859748384735,173.78375974282397
NYISO,0.0,0.25,2,10,8.85476402617135,0.29574825273459227,8.862651152392678,165.36369464352003
NYISO,0.0,0.5,2,10,9.258506209596737,0.38757605351772195,9.271379010396078,161.8911023599577
NYISO,0.25,0.0,2,10,6.955742620956719,1.7252801808275053,7.19758143856048,158.54948364992265
NYISO,0.25,0.25,2,10,8.065727414782364,2.167701143317584,8.532025025426092,146.66626622670492
NYISO,0.25,0.5,2,10,8.198238311768826,2.305930774240803,8.678163361177434,141.98773580575534
NYISO,0.5,0.0,2,10,6.994862161839591,1.841258565055438,7.255751217274767,158.29696640123544
NYISO,0.5,0.25,2,10,8.02668558913151,2.660748386385674,8.595372185488342,145.83216953231363
NYISO,0.5,0.5,2,10,8.06119749274075,2.7619864905634173,8.690665061996762,141.14548625003482
NYISO,0.0,0.0,3,10,7.382868503077426,0.25285082447478613,7.38904057696048,173.61784325229831
NYISO,0.0,0.25,3,10,8.91763945378151,0.4611514823998933,8.933839943227184,165.0933194142656
NYISO,0.0,0.5,3,10,9.211041014588638,0.7542357569947025,9.250342678601193,161.4381967728979
NYISO,0.25,0.0,3,10,6.928180268422704,2.162842335795642,7.3052431842707515,157.42074157068893
NYISO,0.25,0.25,3,10,7.575318505764304,2.8077173785955285,8.202328133361114,145.25490260985177
NYISO,0.25,0.5,3,10,7.407568119693186,3.1122279071087786,8.275274067384467,140.29160307674505
NYISO,0.5,0.0,3,10,6.847124845028947,2.4714109199580854,7.3201132636906365,156.9412623351535
NYISO,0.5,0.25,3,10,7.66317884998651,3.0329168165276634,8.36820979522958,144.37118594833507
NYISO,0.5,0.5,3,10,7.080768615855949,3.6403634538554197,8.249629005969892,139.15871800958547
NYISO,0.0,0.0,4,10,7.385089364759104,0.4034818553930093,7.398064173105586,173.43109898849497
NYISO,0.0,0.25,4,10,8.971695210795525,0.5401986442493747,8.993206103447596,164.8866667513993
NYISO,0.0,0.5,4,10,9.270314131248956,0.9892240585615478,9.330673781230416,161.023160143889
NYISO,0.25,0.0,4,10,6.748971039920816,2.6789516187685383,7.327709087838519,156.34254669504824
NYISO,0.25,0.25,4,10,7.285342830729505,3.1542248264630652,8.091031305046853,144.1078818925471
NYISO,0.25,0.5,4,10,7.013102283686338,3.341157692845524,8.006859944717455,139.1788147127896
NYISO,0.5,0.0,4,10,6.702954849080607,2.8412187581702137,7.33799678476209,155.87396238447408
NYISO,0.5,0.25,4,10,7.375867140454492,3.28738253362396,8.219751978169816,143.25444731403192
NYISO,0.5,0.5,4,10,6.578939669154585,4.2161586979244365,8.120183202523059,137.63218759093837
NYISO,0.0,0.0,5,10,7.362923189750968,0.5942316376243271,7.392578261615839,173.2034111045857
NYISO,0.0,0.25,5,10,8.973236491511848,0.6625744522907123,9.005721722807582,164.67480756286196
NYISO,0.0,0.5,5,10,9.266636816463715,1.1694096396112592,9.347433976318802,160.65677051237756
NYISO,0.25,0.0,5,10,6.612400327518377,2.9162630419845144,7.31038861079907,155.53258000920576
NYISO,0.25,0.25,5,10,7.070861688266378,3.4333093447463545,8.032901741151477,143.14345632958575
NYISO,0.25,0.5,5,10,6.759075214153151,3.7417529717420206,7.964776051865585,138.1088965098276
NYISO,0.5,0.0,5,10,6.55848035360211,3.036268848845634,7.29767737152626,155.06444711677406
NYISO,0.5,0.25,5,10,7.134316642794933,3.6998979328897827,8.203061502033378,142.15839970816072
NYISO,0.5,0.5,5,10,6.209831109299065,4.382651193990583,7.92106676024487,136.5375309072956
NYISO,0.0,0.0,6,10,7.342593115044046,0.7946631808576046,7.39076721140042,172.95128475951063
NYISO,0.0,0.25,6,10,8.954997163709303,0.850816464382002,9.00504494888086,164.42212068947873
NYISO,0.0,0.5,6,10,9.235926955954515,1.382336627670813,9.348870614308957,160.28495376131187
NYISO,0.25,0.0,6,10,6.5019559963591895,3.079118377461513,7.292749079120243,154.8573615732313
NYISO,0.25,0.25,6,10,6.904214424574695,3.6367017278353857,7.9828367429631,142.345463453809
NYISO,0.25,0.5,6,10,6.48754971888143,4.072484199621449,7.9036066380979015,137.14461545064484
NYISO,0.5,0.0,6,10,6.466988633860585,3.235301190563204,7.308532713882203,154.3375996223342
NYISO,0.5,0.25,6,10,6.940445799657846,3.927866950544158,8.14885916590885,141.28009543801758
NYISO,0.5,0.5,6,10,6.0007457866468705,4.536006577099649,7.810193704645677,135.62661793249237
NYISO,0.0,0.0,7,10,7.3260840966432275,0.8906792954408296,7.385244368139205,172.74781401327434
NYISO,0.0,0.25,7,10,8.910887301027337,1.0079568857320205,8.98031947098303,164.17757241358225
NYISO,0.0,0.5,7,10,9.19210909517713,1.5667494931228383,9.334529379921063,159.93247254867268
NYISO,0.25,0.0,7,10,6.41602937263988,3.2934424978550814,7.329012322387508,154.19144051674988
NYISO,0.25,0.25,7,10,6.7652980399420235,3.774517322316942,7.933950650887421,141.66541944561334
NYISO,0.25,0.5,7,10,6.306034117448981,4.272931540182503,7.859004698278181,136.34431008187596
NYISO,0.5,0.0,7,10,6.269335651348051,3.533552664200142,7.290143890191736,153.58797883028677
NYISO,0.5,0.25,7,10,6.7669165327867455,4.09637046123019,8.101593877885406,140.52342856674233
NYISO,0.5,0.5,7,10,5.847554359701747,4.648602595717978,7.750981209484041,134.8363008033742
NYISO,0.0,0.0,8,10,7.309205790360335,1.0014024113234226,7.383817452452424,172.54008885618416
NYISO,0.0,0.25,8,10,8.865599259516383,1.1529861278801572,8.958062179316451,163.93081809137857
NYISO,0.0,0.5,8,10,9.14177415867658,1.6938208133675172,9.309901365189598,159.61955262434694
NYISO,0.25,0.0,8,10,6.300310130314431,3.5043895669380576,7.335847153367184,153.57633440902774
NYISO,0.25,0.25,8,10,6.623034528247383,3.9345368246432804,7.888285886593549,141.0235397198889
NYISO,0.25,0.5,8,10,6.148337546952597,4.425753488603192,7.8131200767387705,135.6425027685318
NYISO,0.5,0.0,8,10,6.1254647205526025,3.720360186591729,7.269411213167958,152.94759525835482
NYISO,0.5,0.25,8,10,6.619068256309612,4.191378153594557,8.033559966705562,139.88459441099886
NYISO,0.5,0.5,8,10,5.715435977208324,4.77902258150106,7.7052467478004845,134.1082273479706
NYISO,0.0,0.0,9,10,7.288341641953516,1.1026546805511361,7.378046390936518,172.34096295762572
NYISO,0.0,0.25,9,10,8.781920144032913,1.3579866329424821,8.915721761512247,163.65636968443184
NYISO,0.0,0.5,9,10,9.08553917164691,1.7938034094497994,9.276203629581408,159.33564852397635
NYISO,0.25,0.0,9,10,6.175624712198431,3.6635847602871565,7.312510154940494,153.02591671411074
NYISO,0.25,0.25,9,10,6.516212764998018,4.043740498896882,7.846278002283105,140.46643388606148
NYISO,0.25,0.5,9,10,6.015593235169655,4.525962269182586,7.7574253577803205,135.037925702641
NYISO,0.5,0.0,9,10,6.005181315256605,3.8705729451560775,7.260298075553688,152.3749094064322
NYISO,0.5,0.25,9,10,6.42750978655403,4.34609517843509,7.964603765723524,139.2600965379327
NYISO,0.5,0.5,9,10,5.630944161308668,4.889088632413581,7.693492984263436,133.45371613952057
NYISO,0.0,0.0,10,10,7.266635462041155,1.1772183445403688,7.36842788257636,172.16300311019162
NYISO,0.0,0.25,10,10,8.685308504517847,1.586512813630065,8.878128327854357,163.35556789814078
NYISO,0.0,0.5,10,10,9.028402796069269,1.8714440955071792,9.23805420372914,159.0811084198175
NYISO,0.25,0.0,10,10,6.054613848042282,3.7918795627052124,7.285084973410348,152.52568788905907
NYISO,0.25,0.25,10,10,6.413856855838124,4.143753122018467,7.821613388286873,139.94790070331632
NYISO,0.25,0.5,10,10,5.895577491848907,4.639050222710604,7.71839062667832,134.46373588536323
NYISO,0.5,0.0,10,10,5.901437041782313,3.9827186906529177,7.24549240752156,151.8678169485265
NYISO,0.5,0.25,10,10,6.261389436690629,4.444233080230705,7.887670579711006,138.71685886607114
NYISO,0.5,0.5,10,10,5.542404966808396,4.986652662738404,7.693102398451305,132.85182213118918
NYISO,0.0,0.0,11,10,7.229205109819099,1.2776023404238224,7.349199209092583,171.9730920988763
NYISO,0.0,0.25,11,10,8.601031717194298,1.761193609544854,8.841364482524837,163.0750511753453
NYISO,0.0,0.5,11,10,8.952774161228838,1.9930946085301677,9.193107576452597,158.8083815808165
NYISO,0.25,0.0,11,10,5.92817195927664,3.9486214945446205,7.272618605426355,152.03276552323123
NYISO,0.25,0.25,11,10,6.307753223154176,4.215312750234217,7.775071034850592,139.4870260847893
NYISO,0.25,0.5,11,10,5.762747644216075,4.7499670192605095,7.682181225983702,133.92460485175707
NYISO,0.5,0.0,11,10,5.7751484300134655,4.108762193626604,7.2217845871264235,151.38021660777085
NYISO,0.5,0.25,11,10,6.1414134288868185,4.528706844162624,7.84222233006621,138.21611050878636
NYISO,0.5,0.5,11,10,5.464778356042052,5.084860697239418,7.696670580817582,132.28763446553725
NYISO,0.0,0.0,12,10,7.197551558554251,1.3810967597388155,7.338098705417571,171.78167759658456
NYISO,0.0,0.25,12,10,8.505129974158313,1.9439552825005784,8.795544763496029,162.79038471181047
NYISO,0.0,0.5,12,10,8.863406978841724,2.1012767281078046,9.133862491282466,158.55118530889263
NYISO,0.25,0.0,12,10,5.8273307583631775,4.060153341759115,7.255665368564836,151.59224100191005
NYISO,0.25,0.25,12,10,6.221713669351488,4.281303622508847,7.737080711954264,139.06265810708396
NYISO,0.25,0.5,12,10,5.654171911087753,4.8262560453489805,7.6438410216024755,133.4432976808282
NYISO,0.5,0.0,12,10,5.672765600284109,4.216828948541375,7.208370176886368,150.92809763199594
NYISO,0.5,0.25,12,10,6.030902180970455,4.606613567218973,7.803436830585938,137.7499366897676
NYISO,0.5,0.5,12,10,5.391910601037521,5.187950479651289,7.717398906939164,131.75069415763517
NYISO,0.0,0.0,13,10,7.161898819047666,1.4882812087455903,7.3269562168564475,171.59041654936578
NYISO,0.0,0.25,13,10,8.423577022032427,2.0741926352240903,8.753059043222644,162.5333063353292
NYISO,0.0,0.5,13,10,8.77071900552606,2.222513035551722,9.07775337066692,158.29130620916138
NYISO,0.25,0.0,13,10,5.749536554532931,4.156843234822558,7.24774439592526,151.1830580942665
NYISO,0.25,0.25,13,10,6.122742139062544,4.371032947750975,7.702948264865625,138.64562933185678
NYISO,0.25,0.5,13,10,5.562546769659235,4.877222080303868,7.604841584383254,133.01084420674997
NYISO,0.5,0.0,13,10,5.581925923367351,4.344618775855688,7.21780149304128,150.48025179383498
NYISO,0.5,0.25,13,10,5.947225858936445,4.6848795607209786,7.782529962663541,137.3092850791674
NYISO,0.5,0.5,13,10,5.307272324948227,5.324170864990511,7.747021446284272,131.21885585243905
NYISO,0.0,0.0,14,10,7.11401698114947,1.6028394078087826,7.30976836464924,171.39769519773463
NYISO,0.0,0.25,14,10,8.345117819682729,2.18721640344201,8.711293167217312,162.2904372636978
NYISO,0.0,0.5,14,10,8.693589187003152,2.3140118371174285,9.03068442766218,158.05208298876343
NYISO,0.25,0.0,14,10,5.6736571214909715,4.253747578361029,7.241737274803077,150.79077241644535
NYISO,0.25,0.25,14,10,6.027625944839384,4.45725961239904,7.678084103706899,138.24730396183526
NYISO,0.25,0.5,14,10,5.477988818221155,4.940201109351394,7.575883854791508,132.59497443065757
NYISO,0.5,0.0,14,10,5.492596148988818,4.47261228565116,7.2300543576206495,150.049077810287
NYISO,0.5,0.25,14,10,5.87129304677192,4.749543648379059,7.761309391960139,136.90228973611806
NYISO,0.5,0.5,14,10,5.260612161867783,5.4720484115711,7.805827224425206,130.7038402094588
NYISO,0.0,0.0,15,10,7.05621028205339,1.7142840512408546,7.284319394605866,171.20486254535615
NYISO,0.0,0.25,15,10,8.270670581678981,2.3260461074377714,8.683295925561621,162.03710035837557
NYISO,0.0,0.5,15,10,8.623932635061685,2.4042116028998812,8.992258460883575,157.8191913749214
NYISO,0.25,0.0,15,10,5.610883363099901,4.344986552295418,7.242572605565292,150.4181132895635
NYISO,0.25,0.25,15,10,5.949078354871304,4.529886446192304,7.655434245400516,137.87676611149686
NYISO,0.25,0.5,15,10,5.406582905952505,5.006414053075612,7.562771549069218,132.1959354780447
NYISO,0.5,0.0,15,10,5.415426708649331,4.582586834433249,7.242360302569644,149.64438002502484
NYISO,0.5,0.25,15,10,5.79792867212102,4.828242148086957,7.750576055100546,136.5068765278533
NYISO,0.5,0.5,15,10,5.208645677100874,5.601573924108837,7.853525418801505,130.22080081112765
NYISO,0.0,0.0,16,10,6.995766751063829,1.8348776620751728,7.262373500198464,171.00606142677222
NYISO,0.0,0.25,16,10,8.210513754491373,2.4314419352469807,8.659774256930081,161.80438495848614
NYISO,0.0,0.5,16,10,8.567356075594143,2.484690352328496,8.9640476170492,157.59775078346743
NYISO,0.25,0.0,16,10,5.552031812906839,4.437338653078212,7.248352861407599,150.05841668084102
NYISO,0.25,0.25,16,10,5.877031069657678,4.603182901597631,7.636762283570202,137.52361517777504
NYISO,0.25,0.5,16,10,5.360399377172981,5.11339864241158,7.598896065942164,131.78182077129307
NYISO,0.5,0.0,16,10,5.337241909087486,4.704344779263758,7.269819060221071,149.24388110076606
NYISO,0.5,0.25,16,10,5.7229467428887855,4.9225531934228375,7.752853650543614,136.11833952294384
NYISO,0.5,0.5,16,10,5.171490292316994,5.698401139917304,7.889417404069869,129.77771456672497
NYISO,0.0,0.0,17,10,6.936337549986679,1.9497170189615984,7.243434539825098,170.80985565344983
NYISO,0.0,0.25,17,10,8.157222526569614,2.5210890806692885,8.638534697256576,161.58416042841307
NYISO,0.0,0.5,17,10,8.514156338607776,2.566360983662407,8.939063624883453,157.38100602782404
NYISO,0.25,0.0,17,10,5.4838536766181525,4.534425348479221,7.2542189241854445,149.70790997137874
NYISO,0.25,0.25,17,10,5.8054019251348805,4.660169107795322,7.612062145386892,137.1959515372658
NYISO,0.25,0.5,17,10,5.31895024453016,5.221904997555373,7.639462689093335,131.3810375676036
NYISO,0.5,0.0,17,10,5.277119048813638,4.816106455981477,7.303058399458032,148.86169637009564
NYISO,0.5,0.25,17,10,5.662611354418943,5.022810755910383,7.771224776973969,135.73429006676602
NYISO,0.5,0.5,17,10,5.121547362056035,5.803553545333584,7.9260660732547965,129.34240661139324
NYISO,0.0,0.0,18,10,6.880535133969315,2.0451700268684814,7.223357002251643,170.62464063893523
NYISO,0.0,0.25,18,10,8.103104253156214,2.6177039699415703,8.619338947489789,161.3633718622589
NYISO,0.0,0.5,18,10,8.460480425888733,2.6673977175543815,8.921126808574188,157.1543565601093
NYISO,0.25,0.0,18,10,5.425691503216199,4.631430553124459,7.268737794432853,149.36666845020352
NYISO,0.25,0.25,18,10,5.734796610916046,4.754262861010687,7.61140926829134,136.85448272309526
NYISO,0.25,0.5,18,10,5.271800445934781,5.321339837394832,7.671757474276247,130.99729402923916
NYISO,0.5,0.0,18,10,5.216508897848401,4.920363581562757,7.330643762851777,148.49604517175422
NYISO,0.5,0.25,18,10,5.600129062742034,5.1050719334896595,7.776654373024877,135.37527939460173
NYISO,0.5,0.5,18,10,5.071982245689325,5.89565935878994,7.955157106481201,128.93190660891364
NYISO,0.0,0.0,19,10,6.81819366368534,2.1444502104100693,7.2021515543076955,170.43999269904313
NYISO,0.0,0.25,19,10,8.053360146472107,2.716648028925107,8.605247255407454,161.144410058932
NYISO,0.0,0.5,19,10,8.395231417149114,2.784094192930348,8.901905147152041,156.922568615809
NYISO,0.25,0.0,19,10,5.367344073135176,4.71063184718805,7.2753915379360645,149.04775016291208
NYISO,0.25,0.25,19,10,5.674610126279649,4.850801806111026,7.624782330753755,136.5174763128435
NYISO,0.25,0.5,19,10,5.232110734653382,5.415528633857002,7.7049026824985285,130.62966206377956
NYISO,0.5,0.0,19,10,5.16288752133927,5.010373547603702,7.3540533819755325,148.1508996945088
NYISO,0.5,0.25,19,10,5.5486987418211395,5.19037550042154,7.794169113342525,135.02551272162003
NYISO,0.5,0.5,19,10,5.030012822284419,5.9711760257914985,7.979600543903236,128.54775603077255
NYISO,0.0,0.0,20,10,6.758224013093033,2.234256081156617,7.180242787662315,170.26162594320675
NYISO,0.0,0.25,20,10,8.009479807203023,2.8085061498668313,8.595959426907063,160.9311705907325
NYISO,0.0,0.5,20,10,8.330320830387887,2.8840032951345527,8.8786321560606,156.70263499514493
NYISO,0.25,0.0,20,10,5.318469471675315,4.79420886366614,7.2910681090323655,148.73455467035882
NYISO,0.25,0.25,20,10,5.622013342016964,4.9251553599217255,7.633223758136815,136.20473426935575
NYISO,0.25,0.5,20,10,5.190279344597141,5.495993098378814,7.729965060413813,130.28292963873884
NYISO,0.5,0.0,20,10,5.109313675486369,5.103147376074026,7.380193544054782,147.8140631612758
NYISO,0.5,0.25,20,10,5.499110396130696,5.272167569571342,7.81508724258407,134.68883651773862
NYISO,0.5,0.5,20,10,4.9841566509977255,6.0495908161784575,8.0070154303635,128.1726316521205
NYISO,0.0,0.0,25,10,6.527769248214073,2.6073487715628723,7.1137972937444545,169.44145964836065
NYISO,0.0,0.25,25,10,7.7807489130348895,3.201149914451256,8.54002438325448,159.9559782692267
NYISO,0.0,0.5,25,10,8.00669870203776,3.284072821369742,8.745395342168674,155.7040412375043
NYISO,0.25,0.0,25,10,5.095100570227909,5.160018847300087,7.363792822232856,147.32157680203937
NYISO,0.25,0.25,25,10,5.373978940296236,5.2236140695693765,7.654602498926293,134.8229333076928
NYISO,0.25,0.5,25,10,4.979929000790678,5.7930800003485325,7.792561574533102,128.7735425440345
NYISO,0.5,0.0,25,10,4.843140264309545,5.51985170892708,7.50149262861757,146.27755087862002
NYISO,0.5,0.25,25,10,5.2611625897465,5.628494210132793,7.8886940754253425,133.1732834993304
NYISO,0.5,0.5,25,10,4.76367458516855,6.3186893855320685,8.06994842110919,126.55744420494679
NYISO,0.0,0.0,50,10,5.97853372661839,3.873508167291008,7.208655655722571,166.21225713352072
NYISO,0.0,0.25,50,10,6.824576579498038,4.376378713333089,8.305025563118182,156.3724605231096
NYISO,0.0,0.5,50,10,6.901837333300027,4.507737211382789,8.40054885184687,152.02468616916843
NYISO,0.25,0.0,50,10,4.412004948686363,6.108609084397374,7.640018069371424,142.58268260062843
NYISO,0.25,0.25,50,10,4.782407142749441,6.195259866500876,7.930539405734743,130.03491954582188
NYISO,0.25,0.5,50,10,4.2675988779092,6.789709748796925,8.125619690857919,123.5500777226929
NYISO,0.5,0.0,50,10,4.147731887074245,6.448611278813428,7.806823188918859,141.31072616815194
NYISO,0.5,0.25,50,10,4.613297400704621,6.589233257445841,8.151634520533321,128.124349111375
NYISO,0.5,0.5,50,10,3.97166438505422,7.230489888915439,8.356538869669885,121.10467615144134
NYISO,0.0,0.0,75,10,5.719166208427416,4.799787109819152,7.553354201080236,163.7239479598249
NYISO,0.0,0.25,75,10,6.151650970813628,5.1434441710034475,8.233584502233086,153.8220050944608
NYISO,0.0,0.5,75,10,6.1848435655260925,5.332835380684022,8.365102382510354,149.3369852249414
NYISO,0.25,0.0,75,10,4.098793009646501,6.609080014504751,7.873565652879188,139.55596160151214
NYISO,0.25,0.25,75,10,4.438391611617678,6.795146044143349,8.193060174424053,126.89249604294896
NYISO,0.25,0.5,75,10,3.96940955394215,7.36135860791858,8.440356072160116,120.19122600898588
NYISO,0.5,0.0,75,10,3.775639579058586,6.918303442606214,7.999187536513228,138.18106118180413
NYISO,0.5,0.25,75,10,4.027794393387391,7.198779936271819,8.34700992788336,124.80279550095317
NYISO,0.5,0.5,75,10,3.3762456794927744,7.878421345050822,8.662813347415144,117.4816739932266
NYISO,0.0,0.0,100,10,5.557362790290938,5.471104399965801,7.892377382607671,161.69672957071256
NYISO,0.0,0.25,100,10,5.692633617256719,5.726938852910121,8.282376995552323,151.77731007221215
NYISO,0.0,0.5,100,10,5.675647897761505,5.961160063719934,8.435979899953045,147.18922234142406
NYISO,0.25,0.0,100,10,3.829743836407341,6.939051383319297,8.016268144853576,137.30504234596629
NYISO,0.25,0.25,100,10,4.087268771450459,7.238017272518327,8.390452495317021,124.48666909222632
NYISO,0.25,0.5,100,10,3.6600427532009343,7.884289405600664,8.761375173433034,117.54004783282063
NYISO,0.5,0.0,100,10,3.4666401505015565,7.220963020513281,8.111911151009163,135.8784888306086
NYISO,0.5,0.25,100,10,3.582800446074213,7.580661626812242,8.489816272805887,122.33895169681026
NYISO,0.5,0.5,100,10,3.060703133317192,8.310633324387439,8.937675508228818,114.76938406298736
NYISO,0.0,0.0,200,10,5.099077209148057,7.155217932744836,8.897522349608069,155.8887432137741
NYISO,0.0,0.25,200,10,4.96642196489509,7.286940366676539,8.965878493686683,145.96789884283078
NYISO,0.0,0.5,200,10,4.798685765122691,7.709272684224455,9.239089040751308,141.02219485133776
NYISO,0.25,0.0,200,10,3.065103552880592,7.710113583833975,8.373212140451198,131.51288553120207
NYISO,0.25,0.25,200,10,3.281334228771573,8.26522661806955,8.976955191417481,118.18799045253311
NYISO,0.25,0.5,200,10,3.0381799355952253,9.089347763150277,9.646976796992469,110.56054169449784
NYISO,0.5,0.0,200,10,2.6746895040147165,7.835389435197862,8.358598182493795,130.08161316836964
NYISO,0.5,0.25,200,10,2.7605884533488916,8.502135927602449,9.035368267436393,115.9154992831408
NYISO,0.5,0.5,200,10,2.4925798453696126,9.344242729069547,9.748246825600354,107.68970199761017
FR,0.0,0.0,1,10,9.905713928380173,0.0,9.905713928380173,165.02508940562072
FR,0.0,0.25,1,10,8.240606384618415,0.0,8.240606384618415,154.2008382118489
FR,0.0,0.5,1,10,6.8664515654792595,0.0,6.8664515654792595,149.89031075525497
FR,0.25,0.0,1,10,10.06373738061576,0.0,10.06373738061576,159.9088056977797
FR,0.25,0.25,1,10,9.48296756415642,0.0,9.48296756415642,148.70037633507926
FR,0.25,0.5,1,10,9.832234021855218,0.0,9.832234021855218,141.96615984100788
FR,0.5,0.0,1,10,10.007815724087793,0.0,10.007815724087793,158.2858351623185
FR,0.5,0.25,1,10,9.3731041299218,0.0,9.3731041299218,147.21875367763403
FR,0.5,0.5,1,10,9.769882931963611,0.0,9.769882931963611,140.50954883469743
FR,0.0,0.0,2,10,9.715892500864456,0.4917743773413974,9.739998954674595,164.53331502827933
FR,0.0,0.25,2,10,8.11027763260826,0.5918707831251224,8.147629960592301,153.60896742872376
FR,0.0,0.5,2,10,6.90229952515703,0.4482107976219174,6.93662533851562,149.44209995763302
FR,0.25,0.0,2,10,9.83037710253528,0.6460800520841825,9.865320959512134,159.26272564569553
FR,0.25,0.25,2,10,9.48846344170596,1.3085751969451598,9.593890902996405,147.3918011381341
FR,0.25,0.5,2,10,9.70886327168024,1.2988819478173264,9.820903005880712,140.66727789319052
FR,0.5,0.0,2,10,9.728607856873008,0.7942846978560892,9.794712379187489,157.49155046446245
FR,0.5,0.25,2,10,9.441201471581682,1.4529799414974642,9.566410847318394,145.76577373613654
FR,0.5,0.5,2,10,9.543192109753678,1.6270374287393994,9.735310853135468,138.882511405958
FR,0.0,0.0,3,10,9.664585774010552,0.68397069026626,9.700234556422572,164.16644312620988
FR,0.0,0.25,3,10,8.183164396538716,0.7726426244361898,8.236930830534735,153.21716090465148
FR,0.0,0.5,3,10,6.967239537431374,0.8430124050785639,7.0297495400938885,148.9528656077764
FR,0.25,0.0,3,10,9.708936140878677,0.971437572083582,9.776675920728636,158.7040900890462
FR,0.25,0.25,3,10,9.175074849879197,1.9305247284969118,9.41274581965309,146.3545571300772
FR,0.25,0.5,3,10,9.216417472092502,2.2189969759023347,9.536803730256903,139.35874086223353
FR,0.5,0.0,3,10,9.58347866991876,1.0944167514842025,9.676266006404264,156.90494552649616
FR,0.5,0.25,3,10,9.093177885622602,1.9868214433399387,9.348808119200665,144.71193887429357
FR,0.5,0.5,3,10,9.109013304747998,2.3929302999405357,9.473052841505307,137.57175416740947
FR,0.0,0.0,4,10,9.637314552138825,0.8217398928261583,9.684014891712001,163.85720691994882
FR,0.0,0.25,4,10,8.244522492080867,1.015722575700378,8.326189342788332,152.8149891463913
FR,0.0,0.5,4,10,6.916446216826831,1.146050880250868,7.026271038705463,148.46811391868272
FR,0.25,0.0,4,10,9.612969502870374,1.3221747926413867,9.723879858205695,158.14171571272192
FR,0.25,0.25,4,10,8.95497194765725,2.090086433818774,9.259583680913277,145.65162447467287
FR,0.25,0.5,4,10,8.91431852296435,2.6269553379761206,9.38356082021829,138.3366740521089
FR,0.5,0.0,4,10,9.52923935850383,1.3863481802268147,9.652035917853445,156.36182605219815
FR,0.5,0.25,4,10,8.884770135522892,2.2590118328020754,9.231863148723042,143.89957691805446
FR,0.5,0.5,4,10,8.86210846788101,2.800019817725446,9.35978836212634,136.53779129918803
FR,0.0,0.0,5,10,9.626616319528651,0.9671916812152707,9.688122702124966,163.56201846884937
FR,0.0,0.25,5,10,8.2515312884799,1.2468351839955083,8.360864534069368,152.42468264340232
FR,0.0,0.5,5,10,6.886462972122254,1.3853945366178044,7.046453318833737,148.00949619925655
FR,0.25,0.0,5,10,9.556833618221523,1.5599095067868116,9.704268903370544,157.64605576306022
FR,0.25,0.25,5,10,8.809164281664469,2.304030505486001,9.173789094086858,144.99938076005577
FR,0.25,0.5,5,10,8.704964747628145,2.7726701377478853,9.231855562978835,137.6084278518997
FR,0.5,0.0,5,10,9.41490715065628,1.7371148856587815,9.600203758071986,155.77566122186926
FR,0.5,0.25,5,10,8.730922969200567,2.443111591565197,9.137605366369844,143.23683023545232
FR,0.5,0.5,5,10,8.773939817962926,3.046220216668316,9.349806713062064,135.68117013306124
FR,0.0,0.0,6,10,9.616633039289523,1.0156486452124347,9.683906351120054,163.34333545388412
FR,0.0,0.25,6,10,8.237997640774156,1.4439708867479175,8.378967689499763,152.04573364107512
FR,0.0,0.5,6,10,6.797789775115981,1.613044763017129,7.010508874035719,147.58370373691642
FR,0.25,0.0,6,10,9.496624921846449,1.8120143380166112,9.695224616278136,157.15086312795998
FR,0.25,0.25,6,10,8.691311721772777,2.4208990552118856,9.09142515756215,144.48103791079333
FR,0.25,0.5,6,10,8.512529052484522,2.889515998355872,9.078589808833692,137.00594959168464
FR,0.5,0.0,6,10,9.33135860220973,2.0092591510578237,9.577562930861331,155.22726353966684
FR,0.5,0.25,6,10,8.60458092833486,2.6484151757388092,9.070188135216142,142.62495786811112
FR,0.5,0.5,6,10,8.666312066639199,3.3978049008104727,9.397994943972483,134.84420530898325
FR,0.0,0.0,7,10,9.594916664048657,1.077793092791363,9.667436105382443,163.14177190558252
FR,0.0,0.25,7,10,8.191677113558562,1.5977281156952041,8.366969259456205,151.6996929133257
FR,0.0,0.5,7,10,6.730943608759316,1.7915097204481458,6.989563182070858,147.19474885426703
FR,0.25,0.0,7,10,9.441976623884464,1.984135939748612,9.678227715315908,156.72289228027702
FR,0.25,0.25,7,10,8.560743036090473,2.576740202302691,9.00968687175332,143.98191049133817
FR,0.25,0.5,7,10,8.355993601702167,3.0028347926148715,8.964389269256671,136.47327661449904
FR,0.5,0.0,7,10,9.270868073907385,2.1521199408848157,9.553776194010787,154.78752117025059
FR,0.5,0.25,7,10,8.505674045857345,2.9055365556663504,9.055716007844895,142.0122176684353
FR,0.5,0.5,7,10,8.557298863606649,3.7215886557883957,9.454042831531364,134.05610502183617
FR,0.0,0.0,8,10,9.575940488537654,1.1534715426622644,9.655845222849212,162.93994918622232
FR,0.0,0.25,8,10,8.150090211841231,1.6825440244902254,8.347511321341848,151.41487067654109
FR,0.0,0.5,8,10,6.73324906177708,1.9442609756188791,7.033722246230494,146.83326509468472
FR,0.25,0.0,8,10,9.357613276920834,2.1811689994807346,9.639849214943757,156.3011482077854
FR,0.25,0.25,8,10,8.455739868040768,2.7118913716374946,8.953399172839339,143.52611850774514
FR,0.25,0.5,8,10,8.238359829143333,3.236347806155636,8.953566166626228,135.89954066965623
FR,0.5,0.0,8,10,9.202831936624415,2.2910226898203048,9.518560984957674,154.3852424199162
FR,0.5,0.25,8,10,8.367605296027522,3.175257124088483,9.036006097489125,141.40548435548493
FR,0.5,0.5,8,10,8.4367635496329,3.9305565901368142,9.45362556347667,133.37768551214572
FR,0.0,0.0,9,10,9.557095585392295,1.22872946091095,9.646095350749444,162.74676253608115
FR,0.0,0.25,9,10,8.113344368224624,1.7491605921495752,8.326726048770757,151.16196325081478
FR,0.0,0.5,9,10,6.749663605947669,2.1021194870371867,7.095810180480075,146.47666561767366
FR,0.25,0.0,9,10,9.28867312731011,2.3176618730742513,9.606830641601121,155.9269599000104
FR,0.25,0.25,9,10,8.345739117942038,2.8171423214557363,8.89029932090424,143.11486860333278
FR,0.25,0.5,9,10,8.179910122744817,3.4092113685633327,8.972112766266614,135.3770637595984
FR,0.5,0.0,9,10,9.145216062890977,2.425614862819725,9.498260963282993,153.99826806416257
FR,0.5,0.25,9,10,8.247924880764291,3.365772769544607,9.009958183882196,140.86684843197352
FR,0.5,0.5,9,10,8.332862307547806,4.092298019625491,9.446831567198123,132.77174166127688
FR,0.0,0.0,10,10,9.534795685738908,1.3335881584928881,9.639546662728986,162.54904870684422
FR,0.0,0.25,10,10,8.080205385079465,1.8182256162491972,8.308829926767444,150.92470037164267
FR,0.0,0.5,10,10,6.764723880177645,2.2329911591247233,7.152863904946277,146.1454719423434
FR,0.25,0.0,10,10,9.218599782946193,2.417687770960139,9.565444708490144,155.59489932352932
FR,0.25,0.25,10,10,8.216202109156287,2.9464414328523905,8.820581414070675,142.70812507241678
FR,0.25,0.5,10,10,8.10229081259751,3.5946800660926135,8.987714706697538,134.8638093535309
FR,0.5,0.0,10,10,9.092826376022762,2.5393607509007596,9.475667936964456,153.65073688548935
FR,0.5,0.25,10,10,8.143209256430689,3.515782831230792,8.983290310980067,140.3791717240102
FR,0.5,0.5,10,10,8.231909013498372,4.28698176735728,9.453821467553611,132.17601252355993
FR,0.0,0.0,11,10,9.52368577146056,1.411869715382993,9.640478662353553,162.36355002810717
FR,0.0,0.25,11,10,8.045470076178745,1.8776238600140933,8.287289908880451,150.70375760189035
FR,0.0,0.5,11,10,6.779028920054314,2.3277792528850045,7.199432257124734,145.8498382035829
FR,0.25,0.0,11,10,9.169059263529093,2.5039991004619795,9.539360465889505,155.29036725930357
FR,0.25,0.25,11,10,8.121533886720053,3.0632941056191862,8.776817439841285,142.3253734651469
FR,0.25,0.5,11,10,7.9947635973568225,3.7889324723416413,8.991387025911619,134.36516385800797
FR,0.5,0.0,11,10,9.054661233091094,2.6212347897936583,9.459847286222187,153.3383962499125
FR,0.5,0.25,11,10,8.04799321730389,3.639836730766446,8.954305066394513,139.93529168830543
FR,0.5,0.5,11,10,8.17073552897227,4.470714031519867,9.497560545384928,131.60610620575736
FR,0.0,0.0,12,10,9.501832742637728,1.4720333488965514,9.628820836847572,162.1923230714251
FR,0.0,0.25,12,10,8.013853689093322,1.930109951210819,8.267957801591686,150.49694706132516
FR,0.0,0.5,12,10,6.8121472209494165,2.420059456980454,7.263461736612629,145.57023004351387
FR,0.25,0.0,12,10,9.11091949734196,2.584564405201083,9.503757741775662,155.00399471045768
FR,0.25,0.25,12,10,8.01339898607049,3.2314362711645117,8.748384469654349,141.92195922431816
FR,0.25,0.5,12,10,7.917909892024431,3.997993401249431,9.030252147660349,133.86644323148354
FR,0.5,0.0,12,10,9.001149474154076,2.7108744805953644,9.431943587187256,153.03625997311633
FR,0.5,0.25,12,10,7.991208118325935,3.7479010073837977,8.947559347879627,139.5242177231533
FR,0.5,0.5,12,10,8.112007893801264,4.631497280599669,9.526477393676327,131.07682060402917
FR,0.0,0.0,13,10,9.467694278870331,1.5299797808381028,9.605204888136107,162.02684966196344
FR,0.0,0.25,13,10,7.977042811842605,1.986316212154656,8.244831955219828,150.29750914054765
FR,0.0,0.5,13,10,6.834203787790524,2.5328237382676697,7.3222649088395,145.28751529303253
FR,0.25,0.0,13,10,9.05066361164732,2.676232332697284,9.470903959714287,154.72015417135972
FR,0.25,0.25,13,10,7.915467851432602,3.382550783794337,8.722866656596704,141.53802660810925
FR,0.25,0.5,13,10,7.8493657183068954,4.148919705349583,9.048530619086405,133.4177921789561
FR,0.5,0.0,13,10,8.948146736627049,2.7849971677509284,9.402381795252715,152.75532833869846
FR,0.5,0.25,13,10,7.938001066330233,3.8235097092344112,8.929097279562638,139.15722982203462
FR,0.5,0.5,13,10,8.05443913578688,4.75952806703143,9.539146884916292,130.5926281837384
FR,0.0,0.0,14,10,9.43269242505334,1.596909435904306,9.584432032139071,161.8609586640022
FR,0.0,0.25,14,10,7.944789276445325,2.050485632848446,8.227669300520509,150.1005188082755
FR,0.0,0.5,14,10,6.836455430571352,2.6414397531602423,7.366472665851004,145.01107694262532
FR,0.25,0.0,14,10,8.992362634212094,2.7646949539543386,9.440559046675155,154.4475863360616
FR,0.25,0.25,14,10,7.843900480410607,3.5103353264426054,8.709080894691892,141.18057205471405
FR,0.25,0.5,14,10,7.7717000116258665,4.32117516732893,9.062119160096463,132.96891962742674
FR,0.5,0.0,14,10,8.902755691573304,2.842711669683224,9.376064073253001,152.49775919045746
FR,0.5,0.25,14,10,7.893573210864002,3.915609605641588,8.930905914126607,138.7919173153623
FR,0.5,0.5,14,10,8.005387438076536,4.842907452990616,9.535443189953845,130.1650608944879
FR,0.0,0.0,15,10,9.402869280643051,1.6444948023136448,9.565102340349316,161.71178206749585
FR,0.0,0.25,15,10,7.912189967639193,2.1083901682866504,8.209773119930938,149.91362691922726
FR,0.0,0.5,15,10,6.85514624832177,2.7508820427420955,7.427274895331501,144.73926603941777
FR,0.25,0.0,15,10,8.933767706259175,2.838432443377345,9.406641055268436,154.1937872011863
FR,0.25,0.25,15,10,7.782759670893189,3.6111717609879546,8.695473643310558,140.8523092028715
FR,0.25,0.5,15,10,7.719436362473715,4.465190092269501,9.085658371077937,132.55003140940397
FR,0.5,0.0,15,10,8.854655994433834,2.8914316479673374,9.345126867804554,152.25792449187622
FR,0.5,0.25,15,10,7.869799345116999,3.988257445294889,8.940624688159305,138.45759166154326
FR,0.5,0.5,15,10,7.960494017322101,4.938737986887476,9.541182700316542,129.74767479731253
FR,0.0,0.0,16,10,9.36023072795286,1.7109422894143584,9.535036331113385,161.55734003540735
FR,0.0,0.25,16,10,7.877564880348284,2.185351845433562,8.195421735774385,149.72588202653304
FR,0.0,0.5,16,10,6.867353665331032,2.851210746117571,7.479606876294835,144.47993953653523
FR,0.25,0.0,16,10,8.8826371680295,2.8902820340467863,9.374082291733338,153.96439117439644
FR,0.25,0.25,16,10,7.7414710335434735,3.6971419419793623,8.692601236299517,140.54506628868003
FR,0.25,0.5,16,10,7.675804603110745,4.587305120779178,9.106725595931271,132.1582681956332
FR,0.5,0.0,16,10,8.81166869369223,2.942424158706173,9.319873176528269,152.02605581476666
FR,0.5,0.25,16,10,7.83980469071332,4.06247132203789,8.943347827591587,138.13529150142594
FR,0.5,0.5,16,10,7.898645651396148,5.04991224295024,9.543536207361008,129.33500562480825
FR,0.0,0.0,17,10,9.320031946670248,1.7710963049992399,9.507221681151341,161.40795419115796
FR,0.0,0.25,17,10,7.848927149507033,2.2472275756113334,8.185059716577902,149.54673149023517
FR,0.0,0.5,17,10,6.871218139733045,2.950076194636141,7.523370805418211,144.22696783020626
FR,0.25,0.0,17,10,8.833923481714432,2.9374769072915456,9.342526892493119,153.7474798621754
FR,0.25,0.25,17,10,7.699642906229405,3.7780230448075125,8.687815264700209,140.25070200807767
FR,0.25,0.5,17,10,7.635279977218026,4.723626723766482,9.137578013989382,131.76820187526747
FR,0.5,0.0,17,10,8.772277656100451,3.00052782659432,9.300108288700324,151.80022504621908
FR,0.5,0.25,17,10,7.825212312422399,4.131260225657709,8.95697831238358,137.83031838717307
FR,0.5,0.5,17,10,7.845106779463383,5.134724001506965,9.540566587123015,128.95506345402856
FR,0.0,0.0,18,10,9.28300971993516,1.8203047072406189,9.480814327674823,161.26836203333494
FR,0.0,0.25,18,10,7.820892607291969,2.305655595975034,8.17583959200119,149.37209378547837
FR,0.0,0.5,18,10,6.8683562483133604,3.0467080535149025,7.560269556038872,143.97823480177308
FR,0.25,0.0,18,10,8.792331777436416,2.977049355727226,9.315248273840984,153.54459503750596
FR,0.25,0.25,18,10,7.671479327723381,3.8708768028348723,8.700620931182208,139.95691570733212
FR,0.25,0.5,18,10,7.605647232990169,4.855012041729124,9.1744346600772,131.39008811054174
FR,0.5,0.0,18,10,8.733431462186644,3.05192559017441,9.279698952733614,151.5860327379421
FR,0.5,0.25,18,10,7.805526806406865,4.195936870538245,8.964825662180944,137.53912677380572
FR,0.5,0.5,18,10,7.797728163515267,5.214123517358299,9.539183742940626,128.59270268718498
FR,0.0,0.0,19,10,9.250472454053188,1.8692810236976913,9.458821639719744,161.1320652087352
FR,0.0,0.25,19,10,7.791064383952589,2.3660735891025775,8.16704520638026,149.19808378489176
FR,0.0,0.5,19,10,6.867632121202625,3.1277583791266834,7.592909960595877,143.7455059425773
FR,0.25,0.0,19,10,8.753329836347895,3.016022071196163,9.29065131194761,153.3494452119021
FR,0.25,0.25,19,10,7.659967142451809,3.9538309145731048,8.723247351881556,139.67927808215623
FR,0.25,0.5,19,10,7.56820947034255,4.969504807435256,9.201136006084118,131.03046324032775
FR,0.5,0.0,19,10,8.69781426258701,3.087887507892644,9.25784490402867,151.39034022622636
FR,0.5,0.25,19,10,7.78650309891767,4.260193053575972,8.973388996546163,137.2574014289081
FR,0.5,0.5,19,10,7.750713872639485,5.291682444148852,9.53725441606266,128.24438951115403
FR,0.0,0.0,20,10,9.217862578848738,1.9123199814858098,9.43589405677564,161.00261109561873
FR,0.0,0.25,20,10,7.7648507501728306,2.4137823974832027,8.158109887881409,149.03653146439336
FR,0.0,0.5,20,10,6.859903112715582,3.200314019698377,7.617135770928731,143.52316893973682
FR,0.25,0.0,20,10,8.714592477958977,3.047897248462399,9.26434017967981,153.16633275025436
FR,0.25,0.25,20,10,7.64658157543574,4.032563309590538,8.742864862163273,139.41125146651376
FR,0.25,0.5,20,10,7.5393738216189625,5.083568902812767,9.234485311776433,130.68088133245473
FR,0.5,0.0,20,10,8.669491645466042,3.125825091418055,9.243940102647567,151.1997663221012
FR,0.5,0.25,20,10,7.769983507417503,4.3214857103711415,8.984168041728585,136.98605573908657
FR,0.5,0.5,20,10,7.715612478682428,5.3635338886820305,9.541277116262302,127.91283322963459
FR,0.0,0.0,25,10,9.06779107905081,2.09800026664518,9.330991843424,160.41280544637658
FR,0.0,0.25,25,10,7.629544400862471,2.7066264301956235,8.13580338629186,148.23522785127145
FR,0.0,0.5,25,10,6.790055615111316,3.5975807996904003,7.737399653395352,142.4521830497104
FR,0.25,0.0,25,10,8.534864192965735,3.219781618215338,9.154503362333381,152.3241168401757
FR,0.25,0.25,25,10,7.5841608899431,4.434188507475497,8.863289209398301,138.1452229473682
FR,0.25,0.5,25,10,7.429904389796283,5.52069085594898,9.368917228683346,129.13858480977876
FR,0.5,0.0,25,10,8.523656550378018,3.262852795022796,9.157331110816283,150.36826266178952
FR,0.5,0.25,25,10,7.728475261498012,4.6188388812082914,9.074223857418229,135.74595469495256
FR,0.5,0.5,25,10,7.563914431416888,5.771576913336977,9.617207933284469,126.34469063541385
FR,0.0,0.0,50,10,8.647542405432224,2.7188707853444525,9.095733872136309,158.25258713830402
FR,0.0,0.25,50,10,7.198437358137241,3.8316263766755316,8.229468765135914,145.0723989449263
FR,0.0,0.5,50,10,6.722528932615324,5.280152076350218,8.649555437986447,138.07868817437415
FR,0.25,0.0,50,10,7.952217612909469,3.9052234123374525,8.903987318848896,149.28704263847575
FR,0.25,0.25,50,10,7.37270851846609,5.551013770989421,9.263703948720197,133.7224457496107
FR,0.25,0.5,50,10,7.225630045486977,6.873277740094322,10.011377744712375,123.70810030449739
FR,0.5,0.0,50,10,8.058250806345981,3.9372232497976762,9.001483086156496,147.32440232523928
FR,0.5,0.25,50,10,7.4683910475475,5.635325248770904,9.38118872804918,131.33817360481598
FR,0.5,0.5,50,10,7.392604529477764,7.154192061504763,10.320609415335348,120.71675158836683
FR,0.0,0.0,75,10,8.326092039155158,3.216643126403662,8.961635033856615,156.63282386920164
FR,0.0,0.25,75,10,7.044427251252923,4.525134033687883,8.44741171329198,142.8067185468609
FR,0.0,0.5,75,10,6.659855499096029,6.271661541706954,9.237959437215917,134.9167861836382
FR,0.25,0.0,75,10,7.603756238073416,4.387255927517988,8.833285403197424,147.18613174808993
FR,0.25,0.25,75,10,7.2688058303459675,6.203341954369661,9.577193058389206,130.77918522582672
FR,0.25,0.5,75,10,7.072417751857096,7.568276154446465,10.38110015416684,120.16597290864209
FR,0.5,0.0,75,10,7.746121409131752,4.387756549973822,8.948638500531409,145.24537637924792
FR,0.5,0.25,75,10,7.3172136652388655,6.3367395295195,9.701842855026138,128.30841892474112
FR,0.5,0.5,75,10,7.24996561804733,7.86447847883287,10.717409648500611,117.03955724435838
FR,0.0,0.0,100,10,8.060760717411926,3.5408482331878224,8.84554188814807,155.38447589643425
FR,0.0,0.25,100,10,6.9520104224256825,5.063650617367823,8.677858363878352,140.97785975329998
FR,0.0,0.5,100,10,6.579461848736513,6.87924934009234,9.61092737288695,132.50641691374332
FR,0.25,0.0,100,10,7.325001986446517,4.726183808996358,8.781008885366711,145.57389192630404
FR,0.25,0.25,100,10,7.169101145984941,6.729760243995117,9.854874298736364,128.46084877522728
FR,0.25,0.5,100,10,6.945004373530088,8.001510557044503,10.616999351055115,117.53493126196963
FR,0.5,0.0,100,10,7.481066344086597,4.780957768150623,8.93598178574948,143.58400737760576
FR,0.5,0.25,100,10,7.265141148721267,6.832365754453651,10.004159950559918,125.97906596171653
FR,0.5,0.5,100,10,7.1340680975592985,8.407392025227093,11.051070556660658,114.21526561769086
FR,0.0,0.0,200,10,7.2663506457356934,4.4699658482473055,8.611214888675912,151.83780027872606
FR,0.0,0.25,200,10,6.749209882103062,6.482947748655706,9.440566498592146,135.77665734168545
FR,0.0,0.5,200,10,6.312083452196712,8.299302512231087,10.511176771618459,126.00870175011445
FR,0.25,0.0,200,10,6.876509459269522,5.750208019332388,9.021499358665588,141.06071969815574
FR,0.25,0.25,200,10,6.800324239317172,7.839505460582041,10.425776941279395,122.42337007401991
FR,0.25,0.5,200,10,6.455999105762114,9.329239543414644,11.399030940014175,110.36660700449548
FR,0.5,0.0,200,10,6.8243060723595805,5.9150003851464215,9.116006209289385,138.90119603282722
FR,0.5,0.25,200,10,6.949843859340556,8.229605782155788,10.83135107546742,119.53995326546298
FR,0.5,0.5,200,10,6.622388220827929,10.003315119002057,12.070791078770856,106.44480020978419
